rela,analogy_0,analogy_1,analogy_2,analogy_3,guess_0,guess_1,guess_2,guess_3,guess_4,status
procedure_has_excised_anatomy,adenoids,adenoidectomy,adrenal-gland,adrenalectomy,orchidectomy,cortisol-secretion,hypophysectomy,adrenalectomy,oophorectomy,False
procedure_has_excised_anatomy,adenoids,adenoidectomy,appendix,appendectomy,cystotomy,diverticulectomy,appendectomy,cholecystectomy,ureteroneocystostomy,False
procedure_has_excised_anatomy,adenoids,adenoidectomy,bladder,cystectomy,transurethral,cystectomy,ureterosigmoidostomy,nephroureterectomy,cystolitholapaxy,False
procedure_has_excised_anatomy,adenoids,adenoidectomy,breasts,mastectomy,liposuction,mastectomy,abdominoplasty,hysterectomy,mastectomies,False
procedure_has_excised_anatomy,adenoids,adenoidectomy,colon,colectomy,colorectal,colectomy,colo-rectal,esophagectomy,sigmoidectomy,False
procedure_has_excised_anatomy,adenoids,adenoidectomy,duodenum,duodenectomy,gastrojejunostomy,gastroenterostomy,anastomosis,colostomy,pylorus,False
procedure_has_excised_anatomy,adenoids,adenoidectomy,esophagus,esophagectomy,oesophagus,esophagomyotomy,cardiomyotomy,diverticulectomy,myotomy,False
procedure_has_excised_anatomy,adenoids,adenoidectomy,fallopian-tube,salpingectomy,prostatocystectomy,cystolitholapaxy,oesophagogastrectomy,surgery,wedge-resection,False
procedure_has_excised_anatomy,adenoids,adenoidectomy,gallbladder,cholecystectomy,cholecystectomy,pancreatoduodenectomy,papillotomy,gall-bladder,pancreaticoduodenectomy,True
procedure_has_excised_anatomy,adenoids,adenoidectomy,gonads,orchiectomy,testes,gonad,testis,spermatogenesis,ovaries,False
procedure_has_excised_anatomy,adenoids,adenoidectomy,kidney,nephrectomy,living-donor,live-donor,nephrectomy,transplant,transplantation,False
procedure_has_excised_anatomy,adenoids,adenoidectomy,larynx,laryngectomy,supraglottic,hypopharynx,microlaryngoscopy,tracheotomy,tors,False
procedure_has_excised_anatomy,adenoids,adenoidectomy,liver,hepatectomy,hepatectomy,hepatic,live-donor,kidney,living-donor,True
procedure_has_excised_anatomy,adenoids,adenoidectomy,lung,pneumonectomy,non-small-cell,pneumonectomy,nsclc,metastasectomy,oesophagectomy,False
procedure_has_excised_anatomy,adenoids,adenoidectomy,lymph-nodes,lymphadenectomy,lymphadenectomy,rplnd,mediastinoscopy,slnb,alnd,True
procedure_has_excised_anatomy,adenoids,adenoidectomy,mandible,mandibulectomy,zygoma,genioplasty,maxilla,bsso,mandibular,False
procedure_has_excised_anatomy,adenoids,adenoidectomy,maxilla,maxillectomy,zygoma,genioplasty,bsso,osteoplasty,mandible,False
procedure_has_excised_anatomy,adenoids,adenoidectomy,ovaries,oophorectomy,testes,orchidectomy,orchiopexy,orchidopexy,salpingectomy,False
procedure_has_excised_anatomy,adenoids,adenoidectomy,pancreas,pancreatectomy,pancreatoduodenectomy,portoenterostomy,nephrectomy,pancreaticoduodenectomy,pancreatic,False
procedure_has_excised_anatomy,adenoids,adenoidectomy,penis,penectomy,penile,anoplasty,clitoroplasty,vaginoplasty,urethrotomy,False
procedure_has_excised_anatomy,adenoids,adenoidectomy,pericardium,pericardiectomy,thoracotomy,pericardiotomy,cystotomy,reimplantation,surgery,False
procedure_has_excised_anatomy,adenoids,adenoidectomy,pharynx,pharyngectomy,hypopharynx,laryngopharynx,tracheotomy,oropharynx,tonsillectomy,False
procedure_has_excised_anatomy,adenoids,adenoidectomy,hypophysis,hypophysectomy,hypophysectomy,pituitary,hypophyseal,adenohypophysis,adrenalectomy,True
procedure_has_excised_anatomy,adenoids,adenoidectomy,prostate,prostatectomy,breast,colorectal,cancer,turp,tuip,False
procedure_has_excised_anatomy,adenoids,adenoidectomy,spleen,splenectomy,live-donor,transplantation,living-donor,splenectomy,transplants,False
procedure_has_excised_anatomy,adenoids,adenoidectomy,stomach,gastrectomy,colostomy,gastroenterostomy,gastrojejunostomy,gastric,gastro-enterostomy,False
procedure_has_excised_anatomy,adenoids,adenoidectomy,thymus,thymectomy,thymocytes,thymectomy,spleen,thyroidectomy,hepatectomy,False
procedure_has_excised_anatomy,adenoids,adenoidectomy,thyroid,thyroidectomy,thyroidectomy,hemithyroidectomy,rai,hyperfunctioning,orchidectomy,True
procedure_has_excised_anatomy,adenoids,adenoidectomy,tongue,glossectomy,chin,cheiloplasty,tonsillectomy,palatoplasty,larynx,False
procedure_has_excised_anatomy,adenoids,adenoidectomy,uterus,hysterectomy,salpingectomy,myomectomy,orchidopexy,orchiopexy,uterine,False
procedure_has_excised_anatomy,adenoids,adenoidectomy,vas-deferens,vasectomy,vasovasostomy,pyeloplasty,varicocelectomy,vasectomy,zona-drilling,False
procedure_has_excised_anatomy,adenoids,adenoidectomy,mastoid,mastoidectomy,craniotomy,myringotomy,stapedectomy,ethmoidectomy,septoplasty,False
procedure_has_excised_anatomy,adenoids,adenoidectomy,tonsil,tonsillectomy,tonsillectomy,septoplasty,adenotonsillectomy,tonsillectomies,nephroureterectomy,True
procedure_has_excised_anatomy,adrenal-gland,adrenalectomy,appendix,appendectomy,appendectomy,nephroureterectomy,pyelolithotomy,cholecystectomy,colectomy,True
procedure_has_excised_anatomy,adrenal-gland,adrenalectomy,bladder,cystectomy,nephroureterectomy,cystectomy,cystoprostatectomy,ureterectomy,nephrectomy,False
procedure_has_excised_anatomy,adrenal-gland,adrenalectomy,breasts,mastectomy,mastectomies,mastectomy,hysterectomy,orchiectomy,nephrectomy,False
procedure_has_excised_anatomy,adrenal-gland,adrenalectomy,colon,colectomy,colectomy,nephroureterectomy,gastrectomy,colectomies,nephrectomy,True
procedure_has_excised_anatomy,adrenal-gland,adrenalectomy,duodenum,duodenectomy,gastroenterostomy,colectomy,pylorus,gastrojejunostomy,gastrectomy,False
procedure_has_excised_anatomy,adrenal-gland,adrenalectomy,esophagus,esophagectomy,colectomy,oesophagus,nephroureterectomy,gastrectomy,gastroenterostomy,False
procedure_has_excised_anatomy,adrenal-gland,adrenalectomy,fallopian-tube,salpingectomy,nephrectomy,nephroureterectomy,epididymectomy,wedge-resection,resection,False
procedure_has_excised_anatomy,adrenal-gland,adrenalectomy,gallbladder,cholecystectomy,cholecystectomy,colectomy,nephroureterectomy,gall-bladder,pyelolithotomy,True
procedure_has_excised_anatomy,adrenal-gland,adrenalectomy,gonads,orchiectomy,testes,orchiopexy,gonad,testis,nephrectomy,False
procedure_has_excised_anatomy,adrenal-gland,adrenalectomy,kidney,nephrectomy,nephrectomy,live-donor,living-donor,nephrectomies,liver,True
procedure_has_excised_anatomy,adrenal-gland,adrenalectomy,larynx,laryngectomy,nephroureterectomy,resection,laryngectomy,supraglottic,extirpation,False
procedure_has_excised_anatomy,adrenal-gland,adrenalectomy,liver,hepatectomy,nephrectomy,hepatectomy,live-donor,nephrectomies,splenectomy,False
procedure_has_excised_anatomy,adrenal-gland,adrenalectomy,lung,pneumonectomy,nephrectomy,pneumonectomy,metastasectomy,nephroureterectomy,esophagectomy,False
procedure_has_excised_anatomy,adrenal-gland,adrenalectomy,lymph-nodes,lymphadenectomy,para-aortic,lymphadenectomy,rplnd,omentectomy,nephrectomy,False
procedure_has_excised_anatomy,adrenal-gland,adrenalectomy,mandible,mandibulectomy,zygoma,genioplasty,rhinoplasty,maxilla,mandibular,False
procedure_has_excised_anatomy,adrenal-gland,adrenalectomy,maxilla,maxillectomy,zygoma,genioplasty,rhinoplasty,mandible,maxillectomy,False
procedure_has_excised_anatomy,adrenal-gland,adrenalectomy,ovaries,oophorectomy,salpingectomy,orchiectomy,nephrectomy,orchiopexy,orchidectomy,False
procedure_has_excised_anatomy,adrenal-gland,adrenalectomy,pancreas,pancreatectomy,nephrectomy,pancreatectomy,nephroureterectomy,hepatectomy,nephrectomies,False
procedure_has_excised_anatomy,adrenal-gland,adrenalectomy,penis,penectomy,urethra,nephropexy,penile,nephroureterectomy,vaginoplasty,False
procedure_has_excised_anatomy,adrenal-gland,adrenalectomy,pericardium,pericardiectomy,thoracotomy,pericardiectomy,nephropexy,nephrectomy,pericardiotomy,False
procedure_has_excised_anatomy,adrenal-gland,adrenalectomy,pharynx,pharyngectomy,septoplasty,ethmoidectomy,rhinoplasty,nephroureterectomy,bronchotomy,False
procedure_has_excised_anatomy,adrenal-gland,adrenalectomy,hypophysis,hypophysectomy,hypophysectomy,thyroidectomy,orchidectomy,nephrectomy,adrenalectomies,True
procedure_has_excised_anatomy,adrenal-gland,adrenalectomy,prostate,prostatectomy,colorectal,nephroureterectomy,cystectomy,nephrectomy,orchiectomy,False
procedure_has_excised_anatomy,adrenal-gland,adrenalectomy,spleen,splenectomy,splenectomy,nephrectomy,nephrectomies,live-donor,spleens,True
procedure_has_excised_anatomy,adrenal-gland,adrenalectomy,stomach,gastrectomy,colectomy,gastroenterostomy,gastrectomy,gastrojejunostomy,pylorus,False
procedure_has_excised_anatomy,adrenal-gland,adrenalectomy,thymus,thymectomy,thymectomy,nephrectomy,spleen,splenectomy,thyroidectomy,True
procedure_has_excised_anatomy,adrenal-gland,adrenalectomy,thyroid,thyroidectomy,thyroidectomy,hemithyroidectomy,orchiectomy,orchidectomy,parathyroidectomy,True
procedure_has_excised_anatomy,adrenal-gland,adrenalectomy,tongue,glossectomy,maxillectomy,rhinoplasty,larynx,ethmoidectomy,septoplasty,False
procedure_has_excised_anatomy,adrenal-gland,adrenalectomy,uterus,hysterectomy,salpingectomy,nephrectomy,orchiopexy,hysterectomy,oophorectomy,False
procedure_has_excised_anatomy,adrenal-gland,adrenalectomy,vas-deferens,vasectomy,nephrectomy,pyeloplasty,pyelolithotomy,salpingectomy,nephropexy,False
procedure_has_excised_anatomy,adrenal-gland,adrenalectomy,mastoid,mastoidectomy,ethmoidectomy,turbinectomy,decortication,septoplasty,rhinoplasty,False
procedure_has_excised_anatomy,adrenal-gland,adrenalectomy,tonsil,tonsillectomy,nephroureterectomy,adrenalectomies,nephrectomy,omentectomy,colectomy,False
procedure_has_excised_anatomy,appendix,appendectomy,bladder,cystectomy,cholecystectomy,cystectomy,nephroureterectomy,cystoprostatectomy,colposuspension,False
procedure_has_excised_anatomy,appendix,appendectomy,breasts,mastectomy,mastectomies,mastectomy,hysterectomy,myomectomy,liposuction,False
procedure_has_excised_anatomy,appendix,appendectomy,colon,colectomy,colectomy,colorectal,cholecystectomy,appendicectomy,gastrectomy,True
procedure_has_excised_anatomy,appendix,appendectomy,duodenum,duodenectomy,cholecystectomy,colectomy,gastrectomy,appendicectomy,gastroenterostomy,False
procedure_has_excised_anatomy,appendix,appendectomy,esophagus,esophagectomy,colectomy,cholecystectomy,appendicectomy,esophagogastrectomy,pyloromyotomy,False
procedure_has_excised_anatomy,appendix,appendectomy,fallopian-tube,salpingectomy,appendicectomy,myomectomy,wedge-resection,cholecystectomy,laparoscopy,False
procedure_has_excised_anatomy,appendix,appendectomy,gallbladder,cholecystectomy,cholecystectomy,appendicectomy,cholecystolithiasis,colectomy,cholelithiasis,True
procedure_has_excised_anatomy,appendix,appendectomy,gonads,orchiectomy,gonad,testes,embryos,orchidopexy,adrenalectomy,False
procedure_has_excised_anatomy,appendix,appendectomy,kidney,nephrectomy,live-donor,living-donor,nephrectomy,transplantations,retransplantation,False
procedure_has_excised_anatomy,appendix,appendectomy,larynx,laryngectomy,laryngectomy,oesophagectomy,esophagectomy,tonsillectomy,esophagogastrectomy,True
procedure_has_excised_anatomy,appendix,appendectomy,liver,hepatectomy,live-donor,hepatic,nephrectomy,hepatectomy,cholecystectomy,False
procedure_has_excised_anatomy,appendix,appendectomy,lung,pneumonectomy,metastasectomy,lung-volume,oesophagectomy,appendicectomy,esophagectomy,False
procedure_has_excised_anatomy,appendix,appendectomy,lymph-nodes,lymphadenectomy,rplnd,slnb,alnd,lymphadenectomy,lymph-node,False
procedure_has_excised_anatomy,appendix,appendectomy,mandible,mandibulectomy,zygoma,condylectomy,genioplasty,osteotomies,osteotomy,False
procedure_has_excised_anatomy,appendix,appendectomy,maxilla,maxillectomy,genioplasty,zygoma,condylectomy,osteoplasty,rhinoplasty,False
procedure_has_excised_anatomy,appendix,appendectomy,ovaries,oophorectomy,salpingectomy,myomectomy,oophorectomy,orchidectomy,ivf,False
procedure_has_excised_anatomy,appendix,appendectomy,pancreas,pancreatectomy,cholecystectomy,nephrectomy,adrenalectomy,pancreatectomy,live-donor,False
procedure_has_excised_anatomy,appendix,appendectomy,penis,penectomy,perineoplasty,abdominoplasty,sacrocolpopexy,clitoroplasty,rhytidectomy,False
procedure_has_excised_anatomy,appendix,appendectomy,pericardium,pericardiectomy,thoracotomy,pericardiotomy,appendicectomy,decortication,sternotomy,False
procedure_has_excised_anatomy,appendix,appendectomy,pharynx,pharyngectomy,appendicectomy,pharyngoplasty,septorhinoplasty,tonsillectomy,septoplasty,False
procedure_has_excised_anatomy,appendix,appendectomy,hypophysis,hypophysectomy,adrenalectomy,hypophysectomy,pituitary,adrenalectomies,orchidectomy,False
procedure_has_excised_anatomy,appendix,appendectomy,prostate,prostatectomy,breast,colorectal,breast-cancer,mastectomies,prostatectomy,False
procedure_has_excised_anatomy,appendix,appendectomy,spleen,splenectomy,live-donor,splenectomy,spleens,transplantations,thymus,False
procedure_has_excised_anatomy,appendix,appendectomy,stomach,gastrectomy,cholecystectomy,colectomy,appendicectomy,gastrectomy,sigmoidectomy,False
procedure_has_excised_anatomy,appendix,appendectomy,thymus,thymectomy,thymocytes,spleen,thymectomy,thymocyte,adrenalectomy,False
procedure_has_excised_anatomy,appendix,appendectomy,thyroid,thyroidectomy,hemithyroidectomy,adrenalectomy,thyroidectomy,thyroid,orchidectomy,False
procedure_has_excised_anatomy,appendix,appendectomy,tongue,glossectomy,forehead,chin,rhytidectomy,lips,eyebrow,False
procedure_has_excised_anatomy,appendix,appendectomy,uterus,hysterectomy,salpingectomy,myomectomy,hysterectomy,hysterotomy,salpingostomy,False
procedure_has_excised_anatomy,appendix,appendectomy,vas-deferens,vasectomy,adrenalectomy,myomectomy,salpingectomy,nephrectomy,sacrocolpopexy,False
procedure_has_excised_anatomy,appendix,appendectomy,mastoid,mastoidectomy,craniotomy,decortication,mastoidectomy,myringoplasty,tympanoplasty,False
procedure_has_excised_anatomy,appendix,appendectomy,tonsil,tonsillectomy,appendicectomy,tonsils,tonsillectomy,appendectomies,tonsillar,False
procedure_has_excised_anatomy,bladder,cystectomy,breasts,mastectomy,mastectomy,mastectomies,vulvectomy,quadrantectomy,lumpectomy,True
procedure_has_excised_anatomy,bladder,cystectomy,colon,colectomy,colectomy,gastrectomy,pancreatectomy,hemicolectomy,resections,True
procedure_has_excised_anatomy,bladder,cystectomy,duodenum,duodenectomy,pancreatectomy,gastrectomy,gastroenterostomy,gastrojejunostomy,colectomy,False
procedure_has_excised_anatomy,bladder,cystectomy,esophagus,esophagectomy,esophagogastrectomy,gastrectomy,resections,colectomy,resection,False
procedure_has_excised_anatomy,bladder,cystectomy,fallopian-tube,salpingectomy,vulvectomy,mastectomy,cystectomies,mastectomies,nerve-sparing,False
procedure_has_excised_anatomy,bladder,cystectomy,gallbladder,cholecystectomy,pancreaticoduodenectomy,nephroureterectomy,pancreatoduodenectomy,cholecystectomy,colectomy,False
procedure_has_excised_anatomy,bladder,cystectomy,gonads,orchiectomy,gonad,testes,ovaries,gonads,zygotes,False
procedure_has_excised_anatomy,bladder,cystectomy,kidney,nephrectomy,live-donor,nephrectomy,living-donor,nephrectomies,transplantations,False
procedure_has_excised_anatomy,bladder,cystectomy,larynx,laryngectomy,maxillectomy,glossectomy,laryngectomy,vulvectomy,mastectomy,False
procedure_has_excised_anatomy,bladder,cystectomy,liver,hepatectomy,nephrectomy,hepatectomy,nephrectomies,live-donor,living-donor,False
procedure_has_excised_anatomy,bladder,cystectomy,lung,pneumonectomy,metastasectomy,mastectomy,pneumonectomy,lobectomy,nephrectomy,False
procedure_has_excised_anatomy,bladder,cystectomy,lymph-nodes,lymphadenectomy,rplnd,alnd,lymphadenectomy,para-aortic,para-aortic,False
procedure_has_excised_anatomy,bladder,cystectomy,mandible,mandibulectomy,zygoma,condylectomy,maxilla,ostectomy,genioplasty,False
procedure_has_excised_anatomy,bladder,cystectomy,maxilla,maxillectomy,zygoma,maxillectomy,genioplasty,mandible,condylectomy,False
procedure_has_excised_anatomy,bladder,cystectomy,ovaries,oophorectomy,orchiectomy,orchidectomy,nephrectomy,orchiopexy,salpingectomy,False
procedure_has_excised_anatomy,bladder,cystectomy,pancreas,pancreatectomy,nephrectomy,pancreatectomy,nephrectomies,hepatectomy,duodenopancreatectomy,False
procedure_has_excised_anatomy,bladder,cystectomy,penis,penectomy,vulvectomy,clitoroplasty,penectomy,scrotectomy,trachelectomy,False
procedure_has_excised_anatomy,bladder,cystectomy,pericardium,pericardiectomy,pericardectomy,thoracotomy,aneurysmectomy,pericardiectomy,sternotomy,False
procedure_has_excised_anatomy,bladder,cystectomy,pharynx,pharyngectomy,maxillectomy,glossectomy,mastectomy,pharyngectomy,mastoidectomy,False
procedure_has_excised_anatomy,bladder,cystectomy,hypophysis,hypophysectomy,thyroidectomy,hypophysectomy,hypophyseal,adrenalectomy,hemithyroidectomy,False
procedure_has_excised_anatomy,bladder,cystectomy,prostate,prostatectomy,mastectomy,prostatectomy,mastectomies,lumpectomy,prostatectomies,False
procedure_has_excised_anatomy,bladder,cystectomy,spleen,splenectomy,spleens,mln,thymus,hln,rplnd,False
procedure_has_excised_anatomy,bladder,cystectomy,stomach,gastrectomy,gastrectomy,pancreatectomy,colectomy,gastroenterostomy,resections,True
procedure_has_excised_anatomy,bladder,cystectomy,thymus,thymectomy,spleen,thymectomy,thymocytes,rplnd,thyroidectomy,False
procedure_has_excised_anatomy,bladder,cystectomy,thyroid,thyroidectomy,hemithyroidectomy,thyroidectomy,orchiectomy,thyroidectomies,mastectomy,False
procedure_has_excised_anatomy,bladder,cystectomy,tongue,glossectomy,maxillectomy,glossectomy,vulvectomy,mandibulectomy,mastectomy,False
procedure_has_excised_anatomy,bladder,cystectomy,uterus,hysterectomy,salpingectomy,hysterectomy,trachelectomy,orchiectomy,nephrectomy,False
procedure_has_excised_anatomy,bladder,cystectomy,vas-deferens,vasectomy,nephrectomy,nephrectomies,rarc,vasovasostomy,adrenalectomy,False
procedure_has_excised_anatomy,bladder,cystectomy,mastoid,mastoidectomy,mastoidectomy,maxillectomy,ethmoidectomy,craniotomy,stapedectomy,True
procedure_has_excised_anatomy,bladder,cystectomy,tonsil,tonsillectomy,tonsils,vulvectomy,maxillectomy,mastectomy,rplnd,False
procedure_has_excised_anatomy,breasts,mastectomy,colon,colectomy,colorectal,colo-rectal,esophagectomy,gastrectomy,resection,False
procedure_has_excised_anatomy,breasts,mastectomy,duodenum,duodenectomy,gastroenterostomy,gastrectomy,gastrojejunostomy,billroth-i,gastro-enterostomy,False
procedure_has_excised_anatomy,breasts,mastectomy,esophagus,esophagectomy,esophagogastrectomy,esophagectomy,oesophagus,resection,oesophagectomy,False
procedure_has_excised_anatomy,breasts,mastectomy,fallopian-tube,salpingectomy,resection,prostatocystectomy,esophagectomy,oesophagectomy,esophagogastrectomy,False
procedure_has_excised_anatomy,breasts,mastectomy,gallbladder,cholecystectomy,pancreatoduodenectomy,pancreaticoduodenectomy,oesophagectomy,resection,gastrectomy,False
procedure_has_excised_anatomy,breasts,mastectomy,gonads,orchiectomy,testes,orchiectomy,gonad,orchidectomy,testis,False
procedure_has_excised_anatomy,breasts,mastectomy,kidney,nephrectomy,live-donor,orthotopic,living-donor,nephrectomy,transplantation,False
procedure_has_excised_anatomy,breasts,mastectomy,larynx,laryngectomy,supraglottic,hypopharynx,hypopharyngeal,laryngectomy,resection,False
procedure_has_excised_anatomy,breasts,mastectomy,liver,hepatectomy,hepatectomy,hepatic,nephrectomy,kidney,orthotopic,True
procedure_has_excised_anatomy,breasts,mastectomy,lung,pneumonectomy,metastasectomy,nsclc,non-small-cell,esophagectomy,pneumonectomy,False
procedure_has_excised_anatomy,breasts,mastectomy,lymph-nodes,lymphadenectomy,lymph-node,lymphadenectomy,rplnd,lymph,alnd,False
procedure_has_excised_anatomy,breasts,mastectomy,mandible,mandibulectomy,zygoma,ostectomy,mandibular,genioplasty,condylectomy,False
procedure_has_excised_anatomy,breasts,mastectomy,maxilla,maxillectomy,zygoma,maxillectomy,genioplasty,osteoplasty,ostectomy,False
procedure_has_excised_anatomy,breasts,mastectomy,ovaries,oophorectomy,orchiectomy,orchidectomy,cystectomy,oophorectomy,prostatectomy,False
procedure_has_excised_anatomy,breasts,mastectomy,pancreas,pancreatectomy,resection,pancreatectomy,pancreatoduodenectomy,duodenopancreatectomy,nephrectomy,False
procedure_has_excised_anatomy,breasts,mastectomy,penis,penectomy,vulvectomy,extirpation,parotidectomy,cystoprostatectomy,proctosigmoidectomy,False
procedure_has_excised_anatomy,breasts,mastectomy,pericardium,pericardiectomy,thoracotomy,pericardiotomy,resection,pericardectomy,pericardiectomy,False
procedure_has_excised_anatomy,breasts,mastectomy,pharynx,pharyngectomy,hypopharynx,oropharynx,pharyngeal,laryngopharynx,supraglottis,False
procedure_has_excised_anatomy,breasts,mastectomy,hypophysis,hypophysectomy,thyroidectomy,hypophyseal,hypophysectomy,adrenalectomy,extirpation,False
procedure_has_excised_anatomy,breasts,mastectomy,prostate,prostatectomy,colorectal,cancer,prostatectomy,breast,lumpectomy,False
procedure_has_excised_anatomy,breasts,mastectomy,spleen,splenectomy,mln,spleens,ln,spleen,thymus,False
procedure_has_excised_anatomy,breasts,mastectomy,stomach,gastrectomy,gastrectomy,gastroenterostomy,esophagogastrectomy,resection,gastrojejunostomy,True
procedure_has_excised_anatomy,breasts,mastectomy,thymus,thymectomy,spleen,thymectomy,thymocytes,ln,mln,False
procedure_has_excised_anatomy,breasts,mastectomy,thyroid,thyroidectomy,thyroidectomy,hemithyroidectomy,orchiectomy,parathyroidectomy,orchidectomy,True
procedure_has_excised_anatomy,breasts,mastectomy,tongue,glossectomy,hypopharynx,larynx,floor-of-mouth,maxillectomy,supraglottis,False
procedure_has_excised_anatomy,breasts,mastectomy,uterus,hysterectomy,orchiectomy,oophorectomy,hysterectomy,orchidectomy,cystectomy,False
procedure_has_excised_anatomy,breasts,mastectomy,vas-deferens,vasectomy,nephrectomy,adrenalectomy,nerve-sparing,cystectomy,lymphocyst,False
procedure_has_excised_anatomy,breasts,mastectomy,mastoid,mastoidectomy,mastoidectomy,craniotomy,ethmoidectomy,tympanoplasty,maxillectomy,True
procedure_has_excised_anatomy,breasts,mastectomy,tonsil,tonsillectomy,tonsillar,tonsils,resection,esophagogastrectomy,vulvectomy,False
procedure_has_excised_anatomy,colon,colectomy,duodenum,duodenectomy,gastroenterostomy,gastrojejunostomy,enterectomy,duodenectomy,gastrectomy,False
procedure_has_excised_anatomy,colon,colectomy,esophagus,esophagectomy,esophagomyotomy,diverticulectomy,cardiomyotomy,sigmoidectomy,proctectomy,False
procedure_has_excised_anatomy,colon,colectomy,fallopian-tube,salpingectomy,enterolysis,cystourethrectomy,wedge-resection,myomectomies,hydrocelectomy,False
procedure_has_excised_anatomy,colon,colectomy,gallbladder,cholecystectomy,cholecystectomy,cholecystolithiasis,gallstones,choledocholithiasis,choledochoduodenostomy,True
procedure_has_excised_anatomy,colon,colectomy,gonads,orchiectomy,gonad,orchiopexy,orchidopexy,testes,gametes,False
procedure_has_excised_anatomy,colon,colectomy,kidney,nephrectomy,live-donor,living-donor,retransplantation,nephrectomy,kidney-liver,False
procedure_has_excised_anatomy,colon,colectomy,larynx,laryngectomy,laryngectomy,maxillectomy,septorhinoplasty,septoplasty,glossectomy,True
procedure_has_excised_anatomy,colon,colectomy,liver,hepatectomy,live-donor,retransplantation,splenectomy,living-donor,nephrectomy,False
procedure_has_excised_anatomy,colon,colectomy,lung,pneumonectomy,pneumonectomy,oesophagectomy,esophagectomy,decortication,metastasectomy,True
procedure_has_excised_anatomy,colon,colectomy,lymph-nodes,lymphadenectomy,rplnd,para-aortic,lymphadenectomy,alnd,paraaortic,False
procedure_has_excised_anatomy,colon,colectomy,mandible,mandibulectomy,zygoma,genioplasty,condylectomy,ostectomy,osteoplasty,False
procedure_has_excised_anatomy,colon,colectomy,maxilla,maxillectomy,genioplasty,zygoma,maxillectomy,osteoplasty,rhinoplasty,False
procedure_has_excised_anatomy,colon,colectomy,ovaries,oophorectomy,orchiopexy,salpingectomy,orchidopexy,orchiectomy,myomectomy,False
procedure_has_excised_anatomy,colon,colectomy,pancreas,pancreatectomy,pancreatectomy,nephrectomy,splenectomy,live-donor,cholecystectomy,True
procedure_has_excised_anatomy,colon,colectomy,penis,penectomy,clitoroplasty,vaginoplasty,perineoplasty,scrotectomy,plication,False
procedure_has_excised_anatomy,colon,colectomy,pericardium,pericardiectomy,pericardectomy,pericardiectomy,thoracotomy,decortication,aneurysmectomy,False
procedure_has_excised_anatomy,colon,colectomy,pharynx,pharyngectomy,septorhinoplasty,pharyngoplasty,septoplasty,ethmoidectomy,meatoplasty,False
procedure_has_excised_anatomy,colon,colectomy,hypophysis,hypophysectomy,adrenalectomy,hypophysectomy,thyroidectomy,hypophyseal,transsphenoidal,False
procedure_has_excised_anatomy,colon,colectomy,prostate,prostatectomy,prostatectomy,cystectomy,turp,orchiectomy,thyroidectomy,True
procedure_has_excised_anatomy,colon,colectomy,spleen,splenectomy,splenectomy,live-donor,splenectomies,splenopexy,retransplantation,True
procedure_has_excised_anatomy,colon,colectomy,stomach,gastrectomy,gastroenterostomy,sigmoidectomy,gastrectomy,proctectomy,gastrojejunostomy,False
procedure_has_excised_anatomy,colon,colectomy,thymus,thymectomy,thymectomy,splenectomy,live-donor,thyroidectomy,splenopexy,True
procedure_has_excised_anatomy,colon,colectomy,thyroid,thyroidectomy,thyroidectomy,hemithyroidectomy,parathyroidectomy,thyroidectomies,adrenalectomy,True
procedure_has_excised_anatomy,colon,colectomy,tongue,glossectomy,maxillectomy,glossectomy,septorhinoplasty,pharyngoplasty,septoplasty,False
procedure_has_excised_anatomy,colon,colectomy,uterus,hysterectomy,salpingectomy,myomectomy,hysterectomy,orchiopexy,myomectomies,False
procedure_has_excised_anatomy,colon,colectomy,vas-deferens,vasectomy,pericardectomy,pyeloplasty,adrenalectomy,vasovasostomy,sacrocolpopexy,False
procedure_has_excised_anatomy,colon,colectomy,mastoid,mastoidectomy,mastoidectomy,ethmoidectomy,decortication,sphenoidotomy,ethmoidectomies,True
procedure_has_excised_anatomy,colon,colectomy,tonsil,tonsillectomy,septoplasty,ethmoidectomies,maxillectomy,ethmoidectomy,sigmoidectomy,False
procedure_has_excised_anatomy,duodenum,duodenectomy,esophagus,esophagectomy,esophagogastrectomy,esophagectomy,oesophagectomy,ureterectomy,oesophagogastrectomy,False
procedure_has_excised_anatomy,duodenum,duodenectomy,fallopian-tube,salpingectomy,cystourethrectomy,tylectomy,debulking,oesophagectomy,penectomy,False
procedure_has_excised_anatomy,duodenum,duodenectomy,gallbladder,cholecystectomy,pancreatoduodenectomy,pancreaticoduodenectomy,oesophagectomy,duodenopancreatectomy,hepatojejunostomy,False
procedure_has_excised_anatomy,duodenum,duodenectomy,gonads,orchiectomy,masculinization,gonad,gonadal,feminization,testes,False
procedure_has_excised_anatomy,duodenum,duodenectomy,kidney,nephrectomy,live-donor,living-donor,transplantation,transplant,transplantations,False
procedure_has_excised_anatomy,duodenum,duodenectomy,larynx,laryngectomy,laryngectomy,hemilaryngectomy,pharyngectomy,glossectomy,laryngectomies,True
procedure_has_excised_anatomy,duodenum,duodenectomy,liver,hepatectomy,hepatectomy,live-donor,hepatic,retransplantation,living-donor,True
procedure_has_excised_anatomy,duodenum,duodenectomy,lung,pneumonectomy,metastasectomy,esophagectomy,pneumonectomy,oesophagectomy,nsclc,False
procedure_has_excised_anatomy,duodenum,duodenectomy,lymph-nodes,lymphadenectomy,quadrantectomy,rplnd,sentinel-node,penectomy,paraaortic,False
procedure_has_excised_anatomy,duodenum,duodenectomy,mandible,mandibulectomy,zygoma,mandibulectomy,genioplasty,ostectomy,hemilaryngectomy,False
procedure_has_excised_anatomy,duodenum,duodenectomy,maxilla,maxillectomy,mandibulectomy,genioplasty,zygoma,maxillectomy,osteoplasty,False
procedure_has_excised_anatomy,duodenum,duodenectomy,ovaries,oophorectomy,orchidectomy,orchiectomy,orchiopexy,endometriomas,orchidopexy,False
procedure_has_excised_anatomy,duodenum,duodenectomy,pancreas,pancreatectomy,pancreatectomy,duodenopancreatectomy,pancreatoduodenectomy,pancreaticoduodenectomy,resection,True
procedure_has_excised_anatomy,duodenum,duodenectomy,penis,penectomy,scrotectomy,penectomy,clitoroplasty,perineoplasty,clitorectomy,False
procedure_has_excised_anatomy,duodenum,duodenectomy,pericardium,pericardiectomy,pericardectomy,thoracoplasty,pleurectomy,pericardiectomy,decortication,False
procedure_has_excised_anatomy,duodenum,duodenectomy,pharynx,pharyngectomy,pharyngectomy,glossectomy,hemilaryngectomy,pharyngoplasty,hypopharynx,True
procedure_has_excised_anatomy,duodenum,duodenectomy,hypophysis,hypophysectomy,thyroidectomy,hemithyroidectomy,hypophysectomy,pituitary,hypophyseal,False
procedure_has_excised_anatomy,duodenum,duodenectomy,prostate,prostatectomy,breast,colorectal,estrogen-receptor-positive,lumpectomy,hrpc,False
procedure_has_excised_anatomy,duodenum,duodenectomy,spleen,splenectomy,spleen,splenectomy,transplantation,myeloablation,hln,False
procedure_has_excised_anatomy,duodenum,duodenectomy,stomach,gastrectomy,gastrectomy,esophagogastrectomy,duodenopancreatectomy,billroth-ii,proctectomy,True
procedure_has_excised_anatomy,duodenum,duodenectomy,thymus,thymectomy,thymocytes,thyroidectomy,thymectomy,penectomy,myeloablation,False
procedure_has_excised_anatomy,duodenum,duodenectomy,thyroid,thyroidectomy,thyroidectomy,hemithyroidectomy,parathyroidectomy,hyperfunctioning,thyroid,True
procedure_has_excised_anatomy,duodenum,duodenectomy,tongue,glossectomy,glossectomy,hemilaryngectomy,pharyngectomy,mandibulectomy,lips,True
procedure_has_excised_anatomy,duodenum,duodenectomy,uterus,hysterectomy,hysterectomy,metroplasty,vaginectomy,salpingectomy,penectomy,True
procedure_has_excised_anatomy,duodenum,duodenectomy,vas-deferens,vasectomy,penectomy,ureterectomy,nerve-grafting,calcanectomy,pericardectomy,False
procedure_has_excised_anatomy,duodenum,duodenectomy,mastoid,mastoidectomy,atticotomy,maxillectomy,ethmoidectomy,mastoidectomy,thyrotomy,False
procedure_has_excised_anatomy,duodenum,duodenectomy,tonsil,tonsillectomy,glossectomy,pharyngectomy,maxillectomy,tonsillar,hemilaryngectomy,False
procedure_has_excised_anatomy,esophagus,esophagectomy,fallopian-tube,salpingectomy,oesophagectomy,prostatocystectomy,tylectomy,cystourethrectomy,rplnd,False
procedure_has_excised_anatomy,esophagus,esophagectomy,gallbladder,cholecystectomy,oesophagectomy,cholecystectomy,pancreaticoduodenectomy,pancreatoduodenectomy,esophagogastrectomy,False
procedure_has_excised_anatomy,esophagus,esophagectomy,gonads,orchiectomy,testes,gonad,orchidectomy,ovaries,orchiopexy,False
procedure_has_excised_anatomy,esophagus,esophagectomy,kidney,nephrectomy,live-donor,retransplantation,transplantation,transplant,transplantations,False
procedure_has_excised_anatomy,esophagus,esophagectomy,larynx,laryngectomy,oesophagectomy,laryngectomy,tors,pneumonectomy,esophagogastrectomy,False
procedure_has_excised_anatomy,esophagus,esophagectomy,liver,hepatectomy,retransplantation,hepatectomy,live-donor,hepatic,nephrectomy,False
procedure_has_excised_anatomy,esophagus,esophagectomy,lung,pneumonectomy,metastasectomy,nsclc,oesophagectomy,pneumonectomy,non-small-cell,False
procedure_has_excised_anatomy,esophagus,esophagectomy,lymph-nodes,lymphadenectomy,alnd,rplnd,slnb,lymphadenectomy,para-aortic,False
procedure_has_excised_anatomy,esophagus,esophagectomy,mandible,mandibulectomy,genioplasty,zygoma,maxillectomy,condylectomy,cranioplasty,False
procedure_has_excised_anatomy,esophagus,esophagectomy,maxilla,maxillectomy,genioplasty,maxillectomy,bsso,cranioplasty,rhinoplasty,False
procedure_has_excised_anatomy,esophagus,esophagectomy,ovaries,oophorectomy,orchidectomy,orchiectomy,orchiopexy,varicocelectomy,ivf,False
procedure_has_excised_anatomy,esophagus,esophagectomy,pancreas,pancreatectomy,thyroidectomy,nephrectomy,oesophagectomy,hepatectomy,splenectomy,False
procedure_has_excised_anatomy,esophagus,esophagectomy,penis,penectomy,clitoroplasty,abdominoplasty,vulvectomy,prostatocystectomy,mammaplasty,False
procedure_has_excised_anatomy,esophagus,esophagectomy,pericardium,pericardiectomy,thoracotomy,pericardiectomy,aneurysmectomy,pericardiotomy,sternotomy,False
procedure_has_excised_anatomy,esophagus,esophagectomy,pharynx,pharyngectomy,oesophagectomy,septorhinoplasty,esophagogastrectomy,maxillectomy,laryngectomy,False
procedure_has_excised_anatomy,esophagus,esophagectomy,hypophysis,hypophysectomy,hypophysectomy,thyroidectomy,hemithyroidectomy,orchidectomy,pituitary,True
procedure_has_excised_anatomy,esophagus,esophagectomy,prostate,prostatectomy,breast,bct,lumpectomy,breast-cancer,mastectomy,False
procedure_has_excised_anatomy,esophagus,esophagectomy,spleen,splenectomy,spleens,rplnd,mln,transplantations,ln,False
procedure_has_excised_anatomy,esophagus,esophagectomy,stomach,gastrectomy,oesophagectomy,gastrectomy,esophagogastrectomy,sigmoidectomy,colectomy,False
procedure_has_excised_anatomy,esophagus,esophagectomy,thymus,thymectomy,thymectomy,thyroidectomy,spleen,rplnd,thymocytes,True
procedure_has_excised_anatomy,esophagus,esophagectomy,thyroid,thyroidectomy,thyroidectomy,hemithyroidectomy,parathyroidectomy,thyroid,orchidectomy,True
procedure_has_excised_anatomy,esophagus,esophagectomy,tongue,glossectomy,maxillectomy,laryngectomy,mastectomy,glossectomy,rhinoplasty,False
procedure_has_excised_anatomy,esophagus,esophagectomy,uterus,hysterectomy,hysterectomy,salpingectomy,orchidectomy,orchiopexy,myomectomy,True
procedure_has_excised_anatomy,esophagus,esophagectomy,vas-deferens,vasectomy,varicocelectomy,vasovasostomy,embryo-transfer,nephrectomy,aneurysmectomy,False
procedure_has_excised_anatomy,esophagus,esophagectomy,mastoid,mastoidectomy,cranioplasty,craniotomy,thoracotomy,decortication,tympanoplasty,False
procedure_has_excised_anatomy,esophagus,esophagectomy,tonsil,tonsillectomy,rplnd,oesophagectomy,mastectomy,alnd,mastectomies,False
procedure_has_excised_anatomy,fallopian-tube,salpingectomy,gallbladder,cholecystectomy,cholecystectomy,gallstones,choledocholithiasis,appendectomy,cholelithiasis,True
procedure_has_excised_anatomy,fallopian-tube,salpingectomy,gonads,orchiectomy,testes,ovaries,gonad,fertility,spermatogenesis,False
procedure_has_excised_anatomy,fallopian-tube,salpingectomy,kidney,nephrectomy,nephrectomy,living-donor,live-donor,nephrectomies,kidneys,True
procedure_has_excised_anatomy,fallopian-tube,salpingectomy,larynx,laryngectomy,laryngectomy,salpingostomy,orchidopexy,maxillectomy,glossectomy,True
procedure_has_excised_anatomy,fallopian-tube,salpingectomy,liver,hepatectomy,hepatectomy,nephrectomy,splenectomy,hepatic,living-donor,True
procedure_has_excised_anatomy,fallopian-tube,salpingectomy,lung,pneumonectomy,pneumonectomy,nephrectomy,salpingostomy,hepatectomy,oophorectomy,True
procedure_has_excised_anatomy,fallopian-tube,salpingectomy,lymph-nodes,lymphadenectomy,omentectomy,lymphadenectomy,para-aortic,rplnd,salpingo-oophorectomy,False
procedure_has_excised_anatomy,fallopian-tube,salpingectomy,mandible,mandibulectomy,zygoma,mandibular,maxilla,premaxilla,prognathism,False
procedure_has_excised_anatomy,fallopian-tube,salpingectomy,maxilla,maxillectomy,zygoma,mandible,genioplasty,premaxilla,mandibular,False
procedure_has_excised_anatomy,fallopian-tube,salpingectomy,ovaries,oophorectomy,ovulation,ivf,ovulations,fertility,salpingostomy,False
procedure_has_excised_anatomy,fallopian-tube,salpingectomy,pancreas,pancreatectomy,nephrectomy,adrenalectomy,pancreatectomy,splenectomy,hepatectomy,False
procedure_has_excised_anatomy,fallopian-tube,salpingectomy,penis,penectomy,salpingostomy,clitoris,orchidopexy,perineum,scrotum,False
procedure_has_excised_anatomy,fallopian-tube,salpingectomy,pericardium,pericardiectomy,ventriculotomy,salpingostomy,pericardiectomy,thoracotomy,atriotomy,False
procedure_has_excised_anatomy,fallopian-tube,salpingectomy,pharynx,pharyngectomy,salpingostomy,evacuation,perineum,colpotomy,pharyngeal,False
procedure_has_excised_anatomy,fallopian-tube,salpingectomy,hypophysis,hypophysectomy,adrenalectomy,hypophysectomy,pituitary,orchidectomy,hypophyseal,False
procedure_has_excised_anatomy,fallopian-tube,salpingectomy,prostate,prostatectomy,oophorectomy,salpingostomy,breast,hysterectomy,ovarian,False
procedure_has_excised_anatomy,fallopian-tube,salpingectomy,spleen,splenectomy,splenectomy,omentectomy,salpingo-oophorectomy,spleens,nephrectomy,True
procedure_has_excised_anatomy,fallopian-tube,salpingectomy,stomach,gastrectomy,colectomy,salpingostomy,gastroenterostomy,cholecystectomy,sigmoidectomy,False
procedure_has_excised_anatomy,fallopian-tube,salpingectomy,thymus,thymectomy,thymocytes,spleen,adrenalectomy,thymocyte,thymectomy,False
procedure_has_excised_anatomy,fallopian-tube,salpingectomy,thyroid,thyroidectomy,adrenalectomy,oophorectomy,hemithyroidectomy,thyroid,thyroidectomy,False
procedure_has_excised_anatomy,fallopian-tube,salpingectomy,tongue,glossectomy,chin,forehead,lips,lip,eyebrow,False
procedure_has_excised_anatomy,fallopian-tube,salpingectomy,uterus,hysterectomy,salpingostomy,metroplasty,myomectomy,hysterotomy,oophorectomy,False
procedure_has_excised_anatomy,fallopian-tube,salpingectomy,vas-deferens,vasectomy,salpingostomy,myomectomy,adrenalectomy,ivf,nephrectomy,False
procedure_has_excised_anatomy,fallopian-tube,salpingectomy,mastoid,mastoidectomy,mastoidectomy,stapedectomy,salpingostomy,craniotomy,ethmoidectomy,True
procedure_has_excised_anatomy,fallopian-tube,salpingectomy,tonsil,tonsillectomy,salpingo-oophorectomy,omentectomy,salpingostomy,appendectomy,hysterectomy,False
procedure_has_excised_anatomy,gallbladder,cholecystectomy,gonads,orchiectomy,gonad,testes,gametogenesis,orchidopexy,gonadogenesis,False
procedure_has_excised_anatomy,gallbladder,cholecystectomy,kidney,nephrectomy,live-donor,living-donor,transplantations,transplantation,transplant,False
procedure_has_excised_anatomy,gallbladder,cholecystectomy,larynx,laryngectomy,otoplasty,surgery,tors,septorhinoplasty,rhinoplasty,False
procedure_has_excised_anatomy,gallbladder,cholecystectomy,liver,hepatectomy,live-donor,nephrectomies,nephrectomy,living-donor,retransplantation,False
procedure_has_excised_anatomy,gallbladder,cholecystectomy,lung,pneumonectomy,appendectomy,surgery,pneumonectomy,metastasectomy,appendicectomy,False
procedure_has_excised_anatomy,gallbladder,cholecystectomy,lymph-nodes,lymphadenectomy,rplnd,alnd,slnb,lymphadenectomy,quadrantectomy,False
procedure_has_excised_anatomy,gallbladder,cholecystectomy,mandible,mandibulectomy,zygoma,osteotomy,genioplasty,osteotomies,ostectomy,False
procedure_has_excised_anatomy,gallbladder,cholecystectomy,maxilla,maxillectomy,zygoma,genioplasty,osteotomies,osteotomy,rhinoplasty,False
procedure_has_excised_anatomy,gallbladder,cholecystectomy,ovaries,oophorectomy,orchidopexy,orchiopexy,varicocelectomy,myomectomy,salpingectomy,False
procedure_has_excised_anatomy,gallbladder,cholecystectomy,pancreas,pancreatectomy,pancreatectomy,live-donor,nephrectomy,nephrectomies,appendectomy,True
procedure_has_excised_anatomy,gallbladder,cholecystectomy,penis,penectomy,rhytidectomy,clitoroplasty,abdominoplasty,herniorrhaphy,vaginoplasty,False
procedure_has_excised_anatomy,gallbladder,cholecystectomy,pericardium,pericardiectomy,appendectomy,herniorrhaphy,thoracotomy,pericardiotomy,preperitoneal,False
procedure_has_excised_anatomy,gallbladder,cholecystectomy,pharynx,pharyngectomy,herniorrhaphy,septorhinoplasty,rhytidectomy,rhinoplasty,piercing,False
procedure_has_excised_anatomy,gallbladder,cholecystectomy,hypophysis,hypophysectomy,adrenalectomy,hypophysectomy,adrenalectomies,leucotomy,orchiopexy,False
procedure_has_excised_anatomy,gallbladder,cholecystectomy,prostate,prostatectomy,prostatectomy,mastectomy,mastectomies,bct,surgery,True
procedure_has_excised_anatomy,gallbladder,cholecystectomy,spleen,splenectomy,live-donor,mln,transplantations,spleens,splenectomy,False
procedure_has_excised_anatomy,gallbladder,cholecystectomy,stomach,gastrectomy,appendectomy,sigmoidectomy,appendicectomy,gastrectomy,colectomy,False
procedure_has_excised_anatomy,gallbladder,cholecystectomy,thymus,thymectomy,spleen,thymocytes,thymectomy,rtes,donor,False
procedure_has_excised_anatomy,gallbladder,cholecystectomy,thyroid,thyroidectomy,thyroidectomy,hemithyroidectomy,adrenalectomy,adrenalectomies,parathyroidectomy,True
procedure_has_excised_anatomy,gallbladder,cholecystectomy,tongue,glossectomy,rhytidectomy,eyebrow,chin,forehead,rhinoplasty,False
procedure_has_excised_anatomy,gallbladder,cholecystectomy,uterus,hysterectomy,myomectomy,salpingectomy,salpingostomy,hysterectomy,orchidopexy,False
procedure_has_excised_anatomy,gallbladder,cholecystectomy,vas-deferens,vasectomy,pyeloplasty,varicocelectomy,sacrocolpopexy,myomectomy,appendectomy,False
procedure_has_excised_anatomy,gallbladder,cholecystectomy,mastoid,mastoidectomy,otoplasty,craniotomy,mastoidectomy,cranioplasty,rhinoplasty,False
procedure_has_excised_anatomy,gallbladder,cholecystectomy,tonsil,tonsillectomy,appendectomy,appendicectomy,herniorrhaphy,tonsillectomy,adrenalectomies,False
procedure_has_excised_anatomy,gonads,orchiectomy,kidney,nephrectomy,nephrectomy,renal,nephroureterectomy,adrenalectomy,live-donor,True
procedure_has_excised_anatomy,gonads,orchiectomy,larynx,laryngectomy,neck-dissection,hypopharyngeal,tylectomy,supraglottic,oesophagectomy,False
procedure_has_excised_anatomy,gonads,orchiectomy,liver,hepatectomy,hepatectomy,nephrectomy,hepatic,splenectomy,adrenalectomy,True
procedure_has_excised_anatomy,gonads,orchiectomy,lung,pneumonectomy,pneumonectomy,metastasectomy,esophagectomy,lobectomy,mastectomy,True
procedure_has_excised_anatomy,gonads,orchiectomy,lymph-nodes,lymphadenectomy,lymphadenectomy,lymph-node,para-aortic,para-aortic,mastectomy,True
procedure_has_excised_anatomy,gonads,orchiectomy,mandible,mandibulectomy,condylectomy,zygoma,maxillectomy,mandibulectomy,ostectomy,False
procedure_has_excised_anatomy,gonads,orchiectomy,maxilla,maxillectomy,maxillectomy,condylectomy,zygoma,mandibulectomy,apicectomy,True
procedure_has_excised_anatomy,gonads,orchiectomy,ovaries,oophorectomy,orchidectomy,oophorectomy,endometrioma,salpingectomy,hysterectomy,False
procedure_has_excised_anatomy,gonads,orchiectomy,pancreas,pancreatectomy,nephrectomy,pancreatectomy,resection,adrenalectomy,pancreatoduodenectomy,False
procedure_has_excised_anatomy,gonads,orchiectomy,penis,penectomy,colpohysterectomy,scrotectomy,colpectomy,mammectomy,vulvectomy,False
procedure_has_excised_anatomy,gonads,orchiectomy,pericardium,pericardiectomy,thoracotomy,pericardectomy,pericardiectomy,pleurectomy,phrenicectomy,False
procedure_has_excised_anatomy,gonads,orchiectomy,pharynx,pharyngectomy,oropharynx,hypopharynx,laryngopharynx,bronchotomy,neck-dissection,False
procedure_has_excised_anatomy,gonads,orchiectomy,hypophysis,hypophysectomy,orchidectomy,adrenalectomy,hemithyroidectomy,thyroidectomy,subtotal,False
procedure_has_excised_anatomy,gonads,orchiectomy,prostate,prostatectomy,breast,mastectomy,colorectal,lumpectomy,tylectomy,False
procedure_has_excised_anatomy,gonads,orchiectomy,spleen,splenectomy,lymphadenectomy,omentectomy,splenectomy,para-aortic,rplnd,False
procedure_has_excised_anatomy,gonads,orchiectomy,stomach,gastrectomy,gastro-enterostomy,gastrectomy,colo-rectal,gastroenterostomy,gastric,False
procedure_has_excised_anatomy,gonads,orchiectomy,thymus,thymectomy,orchidectomy,hemithyroidectomy,lymphadenectomy,mastectomy,adrenalectomy,False
procedure_has_excised_anatomy,gonads,orchiectomy,thyroid,thyroidectomy,hemithyroidectomy,orchidectomy,thyroidectomy,tylectomy,mastectomy,False
procedure_has_excised_anatomy,gonads,orchiectomy,tongue,glossectomy,neck-dissection,mammectomy,floor-of-mouth,mastectomy,vulvectomy,False
procedure_has_excised_anatomy,gonads,orchiectomy,uterus,hysterectomy,oophorectomy,salpingectomy,orchidectomy,hysterectomy,endometrioma,False
procedure_has_excised_anatomy,gonads,orchiectomy,vas-deferens,vasectomy,adrenalectomy,nephrectomy,prostatocystectomy,cecectomy,epididymectomy,False
procedure_has_excised_anatomy,gonads,orchiectomy,mastoid,mastoidectomy,mastoidectomy,ethmoidectomy,craniotomy,atticotomy,thyrotomy,True
procedure_has_excised_anatomy,gonads,orchiectomy,tonsil,tonsillectomy,tonsillar,mastectomy,vulvectomy,lymphadenectomy,mastectomies,False
procedure_has_excised_anatomy,kidney,nephrectomy,larynx,laryngectomy,laryngectomy,pharyngectomy,supraglottic,laryngectomies,hemilaryngectomy,True
procedure_has_excised_anatomy,kidney,nephrectomy,liver,hepatectomy,hepatectomy,nephrectomies,cystectomy,nephroureterectomy,splenectomy,True
procedure_has_excised_anatomy,kidney,nephrectomy,lung,pneumonectomy,cystectomy,esophagectomy,pneumonectomy,mastectomy,oesophagectomy,False
procedure_has_excised_anatomy,kidney,nephrectomy,lymph-nodes,lymphadenectomy,lymphadenectomy,rplnd,mastectomy,vulvectomy,lymph-node,True
procedure_has_excised_anatomy,kidney,nephrectomy,mandible,mandibulectomy,maxillectomy,zygoma,mandibulectomy,ostectomy,condylectomy,False
procedure_has_excised_anatomy,kidney,nephrectomy,maxilla,maxillectomy,maxillectomy,mandibulectomy,zygoma,genioplasty,osteoplasty,True
procedure_has_excised_anatomy,kidney,nephrectomy,ovaries,oophorectomy,salpingectomy,orchiectomy,myomectomy,hysterectomy,orchidectomy,False
procedure_has_excised_anatomy,kidney,nephrectomy,pancreas,pancreatectomy,pancreatectomy,nephroureterectomy,cystectomy,resection,ureterectomy,True
procedure_has_excised_anatomy,kidney,nephrectomy,penis,penectomy,scrotectomy,perineoplasty,colpectomy,clitoroplasty,penectomy,False
procedure_has_excised_anatomy,kidney,nephrectomy,pericardium,pericardiectomy,pericardectomy,thoracotomy,pericardiectomy,transaxillary,craniotomy,False
procedure_has_excised_anatomy,kidney,nephrectomy,pharynx,pharyngectomy,pharyngectomy,hypopharynx,bronchotomy,maxillectomy,oropharynx,True
procedure_has_excised_anatomy,kidney,nephrectomy,hypophysis,hypophysectomy,adrenalectomy,orchiectomy,orchidectomy,extirpation,transsphenoidal,False
procedure_has_excised_anatomy,kidney,nephrectomy,prostate,prostatectomy,cystectomy,mastectomy,mastectomies,lumpectomy,prostatectomy,False
procedure_has_excised_anatomy,kidney,nephrectomy,spleen,splenectomy,omentectomy,nephrectomies,lymphadenectomy,splenectomy,rplnd,False
procedure_has_excised_anatomy,kidney,nephrectomy,stomach,gastrectomy,gastroenterostomy,gastrojejunostomy,gastrectomy,colectomy,gastro-jejunostomy,False
procedure_has_excised_anatomy,kidney,nephrectomy,thymus,thymectomy,adrenalectomy,penectomy,cystectomy,orchiectomy,omentectomy,False
procedure_has_excised_anatomy,kidney,nephrectomy,thyroid,thyroidectomy,hemithyroidectomy,orchiectomy,thyroidectomy,orchidectomy,adrenalectomy,False
procedure_has_excised_anatomy,kidney,nephrectomy,tongue,glossectomy,maxillectomy,glossectomy,pharyngectomy,hemilaryngectomy,laryngectomy,False
procedure_has_excised_anatomy,kidney,nephrectomy,uterus,hysterectomy,salpingectomy,myomectomy,hysterectomy,salpingostomy,endometrioma,False
procedure_has_excised_anatomy,kidney,nephrectomy,vas-deferens,vasectomy,salpingectomy,myomectomy,ureterectomy,salpingostomy,minilaparotomy,False
procedure_has_excised_anatomy,kidney,nephrectomy,mastoid,mastoidectomy,mastoidectomy,craniotomy,ethmoidectomy,maxillectomy,sphenoidotomy,True
procedure_has_excised_anatomy,kidney,nephrectomy,tonsil,tonsillectomy,maxillectomy,vulvectomy,mastectomies,mastectomy,hemicolectomy,False
procedure_has_excised_anatomy,larynx,laryngectomy,liver,hepatectomy,hepatectomy,hepatic,splenectomy,live-donor,retransplantation,True
procedure_has_excised_anatomy,larynx,laryngectomy,lung,pneumonectomy,hepatectomy,oesophagectomy,thyroidectomy,esophagectomy,pneumonectomy,False
procedure_has_excised_anatomy,larynx,laryngectomy,lymph-nodes,lymphadenectomy,alnd,rplnd,penectomy,lymphadenectomy,thyroidectomy,False
procedure_has_excised_anatomy,larynx,laryngectomy,mandible,mandibulectomy,genioplasty,maxillectomy,ostectomy,condylectomy,osteotomies,False
procedure_has_excised_anatomy,larynx,laryngectomy,maxilla,maxillectomy,genioplasty,maxillectomy,bsso,mandibulectomy,overdenture,False
procedure_has_excised_anatomy,larynx,laryngectomy,ovaries,oophorectomy,ovulating,anovulatory,salpingectomy,testes,ivf,False
procedure_has_excised_anatomy,larynx,laryngectomy,pancreas,pancreatectomy,pancreatectomy,hepatectomy,gastrectomy,duodenopancreatectomy,duodenectomy,True
procedure_has_excised_anatomy,larynx,laryngectomy,penis,penectomy,penectomy,perineoplasty,clitoroplasty,chordee,glossectomy,True
procedure_has_excised_anatomy,larynx,laryngectomy,pericardium,pericardiectomy,aneurysmectomy,pericardiectomy,pericardectomy,thoracotomy,plication,False
procedure_has_excised_anatomy,larynx,laryngectomy,pharynx,pharyngectomy,pharyngectomy,glossectomy,laryngectomies,maxillectomy,hemilaryngectomy,True
procedure_has_excised_anatomy,larynx,laryngectomy,hypophysis,hypophysectomy,hypophysectomy,thyroidectomy,hypophyseal,adrenalectomy,pituitary,True
procedure_has_excised_anatomy,larynx,laryngectomy,prostate,prostatectomy,breast,thyroidectomy,colorectal,bct,cystectomy,False
procedure_has_excised_anatomy,larynx,laryngectomy,spleen,splenectomy,mln,splenectomy,spleens,thymus,pln,False
procedure_has_excised_anatomy,larynx,laryngectomy,stomach,gastrectomy,gastrectomy,colectomy,duodenectomy,pancreatectomy,gastroenterostomy,True
procedure_has_excised_anatomy,larynx,laryngectomy,thymus,thymectomy,thymocytes,spleen,thyroidectomy,thymectomy,thymocyte,False
procedure_has_excised_anatomy,larynx,laryngectomy,thyroid,thyroidectomy,thyroidectomy,hemithyroidectomy,parathyroidectomy,thyroidectomies,laryngectomies,True
procedure_has_excised_anatomy,larynx,laryngectomy,tongue,glossectomy,glossectomy,maxillectomy,pharyngectomy,laryngectomies,hemilaryngectomy,True
procedure_has_excised_anatomy,larynx,laryngectomy,uterus,hysterectomy,salpingectomy,hysterectomy,myomectomy,oophorectomy,metroplasty,False
procedure_has_excised_anatomy,larynx,laryngectomy,vas-deferens,vasectomy,vasovasostomy,penectomy,enterectomy,pyeloplasty,liver-mass,False
procedure_has_excised_anatomy,larynx,laryngectomy,mastoid,mastoidectomy,maxillectomy,stapedectomy,ossiculoplasty,mastoidectomy,cranioplasty,False
procedure_has_excised_anatomy,larynx,laryngectomy,tonsil,tonsillectomy,glossectomy,maxillectomy,laryngectomies,thyroidectomy,pharyngectomy,False
procedure_has_excised_anatomy,liver,hepatectomy,lung,pneumonectomy,pneumonectomy,oesophagectomy,esophagectomy,lobectomy,metastasectomy,True
procedure_has_excised_anatomy,liver,hepatectomy,lymph-nodes,lymphadenectomy,quadrantectomy,lymphadenectomy,paraaortic,slnb,alnd,False
procedure_has_excised_anatomy,liver,hepatectomy,mandible,mandibulectomy,zygoma,ostectomy,condylectomy,maxilla,mandibular,False
procedure_has_excised_anatomy,liver,hepatectomy,maxilla,maxillectomy,zygoma,maxillectomy,mandibulectomy,apicectomy,genioplasty,False
procedure_has_excised_anatomy,liver,hepatectomy,ovaries,oophorectomy,salpingectomy,ovulation,orchidectomy,orchiectomy,ovulate,False
procedure_has_excised_anatomy,liver,hepatectomy,pancreas,pancreatectomy,pancreatectomy,duodenopancreatectomy,pancreatoduodenectomy,duodenectomy,pancreaticoduodenectomy,True
procedure_has_excised_anatomy,liver,hepatectomy,penis,penectomy,perineoplasty,colpoplasty,proctectomy,plication,anoplasty,False
procedure_has_excised_anatomy,liver,hepatectomy,pericardium,pericardiectomy,pericardectomy,pericardiectomy,thoracotomy,atriotomy,ventriculotomy,False
procedure_has_excised_anatomy,liver,hepatectomy,pharynx,pharyngectomy,hypopharynx,oropharynx,pharyngeal,laryngopharynx,pharyngectomy,False
procedure_has_excised_anatomy,liver,hepatectomy,hypophysis,hypophysectomy,hypophysectomy,hypophyseal,callosotomy,adrenalectomy,adenohypophysis,True
procedure_has_excised_anatomy,liver,hepatectomy,prostate,prostatectomy,breast,colorectal,lumpectomy,bct,esophagectomy,False
procedure_has_excised_anatomy,liver,hepatectomy,spleen,splenectomy,mln,splenectomy,pancreatectomy,resection,jejunectomy,False
procedure_has_excised_anatomy,liver,hepatectomy,stomach,gastrectomy,gastro-enterostomy,gastroenterostomy,enterectomy,pylorus,gastrectomy,False
procedure_has_excised_anatomy,liver,hepatectomy,thymus,thymectomy,thymectomy,thymocytes,pancreatectomy,cd4+cd8+,rtes,True
procedure_has_excised_anatomy,liver,hepatectomy,thyroid,thyroidectomy,hemithyroidectomy,thyroidectomy,orchiectomy,tsh-oma,orchidectomy,False
procedure_has_excised_anatomy,liver,hepatectomy,tongue,glossectomy,glossectomy,hemilaryngectomy,maxillectomy,laryngectomy,hypopharynx,True
procedure_has_excised_anatomy,liver,hepatectomy,uterus,hysterectomy,salpingectomy,salpingostomy,myomectomy,metroplasty,endometrioma,False
procedure_has_excised_anatomy,liver,hepatectomy,vas-deferens,vasectomy,jejunectomy,vasovasostomy,enterectomy,salpingectomy,salpingostomy,False
procedure_has_excised_anatomy,liver,hepatectomy,mastoid,mastoidectomy,ethmoidectomy,turbinectomies,turbinectomy,uncinectomy,maxillectomy,False
procedure_has_excised_anatomy,liver,hepatectomy,tonsil,tonsillectomy,glossectomy,tonsils,hemicolectomy,maxillectomy,turbinectomy,False
procedure_has_excised_anatomy,lung,pneumonectomy,lymph-nodes,lymphadenectomy,thoracotomy,para-aortic,segmentectomy,pericardectomy,paraaortic,False
procedure_has_excised_anatomy,lung,pneumonectomy,mandible,mandibulectomy,zygoma,genioplasty,ostectomy,maxilla,maxillectomy,False
procedure_has_excised_anatomy,lung,pneumonectomy,maxilla,maxillectomy,zygoma,genioplasty,maxillectomy,osteoplasty,apicectomy,False
procedure_has_excised_anatomy,lung,pneumonectomy,ovaries,oophorectomy,salpingectomy,orchiopexy,orchidopexy,orchiectomy,orchidectomy,False
procedure_has_excised_anatomy,lung,pneumonectomy,pancreas,pancreatectomy,duodenopancreatectomy,pancreatoduodenectomy,pancreatectomy,segmentectomy,pancreaticoduodenectomy,False
procedure_has_excised_anatomy,lung,pneumonectomy,penis,penectomy,hemipelvectomy,plication,perineoplasty,plasty,clitoroplasty,False
procedure_has_excised_anatomy,lung,pneumonectomy,pericardium,pericardiectomy,pericardectomy,thoracotomy,aneurysmectomy,pericardiectomy,atriotomy,False
procedure_has_excised_anatomy,lung,pneumonectomy,pharynx,pharyngectomy,bronchotomy,maxillectomy,uncinectomy,pharyngoplasty,meatoplasty,False
procedure_has_excised_anatomy,lung,pneumonectomy,hypophysis,hypophysectomy,hypophyseal,hypophysectomy,adrenalectomy,hemispherectomy,callosotomy,False
procedure_has_excised_anatomy,lung,pneumonectomy,prostate,prostatectomy,mastectomy,orchiectomy,esophagectomy,sigmoidectomy,cystectomy,False
procedure_has_excised_anatomy,lung,pneumonectomy,spleen,splenectomy,splenectomy,thoracotomy,segmentectomy,hemicolectomy,pericardectomy,True
procedure_has_excised_anatomy,lung,pneumonectomy,stomach,gastrectomy,gastroenterostomy,gastro-enterostomy,gastro-jejunostomy,gastrojejunostomy,sigmoidectomy,False
procedure_has_excised_anatomy,lung,pneumonectomy,thymus,thymectomy,thymectomy,pericardectomy,segmentectomy,hemithyroidectomy,thyroidectomy,True
procedure_has_excised_anatomy,lung,pneumonectomy,thyroid,thyroidectomy,hemithyroidectomy,thyroidectomy,strumectomy,craniopharyngioma,pericardectomy,False
procedure_has_excised_anatomy,lung,pneumonectomy,tongue,glossectomy,maxillectomy,bucca,hemilaryngectomy,thyrotomy,cheiloplasty,False
procedure_has_excised_anatomy,lung,pneumonectomy,uterus,hysterectomy,salpingectomy,metroplasty,myomectomy,hysterotomy,colpoplasty,False
procedure_has_excised_anatomy,lung,pneumonectomy,vas-deferens,vasectomy,pericardectomy,aneurysmectomy,salpingectomy,reimplantation,pericardiectomy,False
procedure_has_excised_anatomy,lung,pneumonectomy,mastoid,mastoidectomy,mastoidectomy,mastoidectomy,ethmoidectomy,atticotomy,tympanoplasty,True
procedure_has_excised_anatomy,lung,pneumonectomy,tonsil,tonsillectomy,hemicolectomy,maxillectomy,segmentectomy,ethmoidectomy,thoracotomy,False
procedure_has_excised_anatomy,lymph-nodes,lymphadenectomy,mandible,mandibulectomy,zygoma,genioplasty,mandibular,maxilla,premaxilla,False
procedure_has_excised_anatomy,lymph-nodes,lymphadenectomy,maxilla,maxillectomy,zygoma,genioplasty,mandible,maxillectomy,premaxilla,False
procedure_has_excised_anatomy,lymph-nodes,lymphadenectomy,ovaries,oophorectomy,hysterectomy,uterus,salpingectomy,oophorectomy,testes,False
procedure_has_excised_anatomy,lymph-nodes,lymphadenectomy,pancreas,pancreatectomy,pancreatic,pancreatectomy,nephroureterectomy,nephrectomy,pancreatoduodenectomy,False
procedure_has_excised_anatomy,lymph-nodes,lymphadenectomy,penis,penectomy,perineal,penile,perineoplasty,vaginoplasty,clitoroplasty,False
procedure_has_excised_anatomy,lymph-nodes,lymphadenectomy,pericardium,pericardiectomy,plication,preperitoneal,sacrocolpopexy,aneurysmectomy,thoracotomy,False
procedure_has_excised_anatomy,lymph-nodes,lymphadenectomy,pharynx,pharyngectomy,pharyngeal,oropharynx,hypopharynx,rectosigmoidectomy,anus,False
procedure_has_excised_anatomy,lymph-nodes,lymphadenectomy,hypophysis,hypophysectomy,hypophysectomy,pituitary,adrenalectomy,hypophyseal,orchidectomy,True
procedure_has_excised_anatomy,lymph-nodes,lymphadenectomy,prostate,prostatectomy,breast,colorectal,endometrial,ovarian,prostatectomy,False
procedure_has_excised_anatomy,lymph-nodes,lymphadenectomy,spleen,splenectomy,omentectomy,nephroureterectomy,laparoscopic,nephrectomy,hysterectomy,False
procedure_has_excised_anatomy,lymph-nodes,lymphadenectomy,stomach,gastrectomy,rectosigmoid,gastric,rectum,oesophagogastric,gastrectomy,False
procedure_has_excised_anatomy,lymph-nodes,lymphadenectomy,thymus,thymectomy,hysterectomy,cystectomy,orchiopexy,nephrectomy,thymectomy,False
procedure_has_excised_anatomy,lymph-nodes,lymphadenectomy,thyroid,thyroidectomy,thyroidectomy,ovarian,gynecologic,orchiectomy,hemithyroidectomy,True
procedure_has_excised_anatomy,lymph-nodes,lymphadenectomy,tongue,glossectomy,lip,lips,eyebrow,pharyngeal,larynx,False
procedure_has_excised_anatomy,lymph-nodes,lymphadenectomy,uterus,hysterectomy,hysterectomy,uterine,myomectomy,salpingectomy,metroplasty,True
procedure_has_excised_anatomy,lymph-nodes,lymphadenectomy,vas-deferens,vasectomy,vasovasostomy,myomectomy,hysterectomy,salpingectomy,pyeloplasty,False
procedure_has_excised_anatomy,lymph-nodes,lymphadenectomy,mastoid,mastoidectomy,mastoidectomy,tympanoplasty,ethmoidectomy,sphenoidotomy,myringoplasty,True
procedure_has_excised_anatomy,lymph-nodes,lymphadenectomy,tonsil,tonsillectomy,hysterectomy,nephroureterectomy,cystectomy,tonsillectomy,cystoprostatectomy,False
procedure_has_excised_anatomy,mandible,mandibulectomy,maxilla,maxillectomy,maxillectomy,glossectomy,laryngotracheoplasty,resection,glossectomies,True
procedure_has_excised_anatomy,mandible,mandibulectomy,ovaries,oophorectomy,endometriomas,orchiectomy,orchidectomy,testes,oviducts,False
procedure_has_excised_anatomy,mandible,mandibulectomy,pancreas,pancreatectomy,duodenopancreatectomy,pancreatoduodenectomy,pancreatectomy,pancreaticoduodenectomy,duodenectomy,False
procedure_has_excised_anatomy,mandible,mandibulectomy,penis,penectomy,penectomy,penile,chordee,procidentia,prepuce,True
procedure_has_excised_anatomy,mandible,mandibulectomy,pericardium,pericardiectomy,pericardectomy,thoracotomy,pericardiectomy,aneurysmectomy,end-to-end-anastomosis,False
procedure_has_excised_anatomy,mandible,mandibulectomy,pharynx,pharyngectomy,oropharynx,hypopharynx,laryngopharynx,oral-pharyngeal,oesophagus,False
procedure_has_excised_anatomy,mandible,mandibulectomy,hypophysis,hypophysectomy,thyroidectomy,hypophyseal,subtotal,pituitary,duodenopancreatectomy,False
procedure_has_excised_anatomy,mandible,mandibulectomy,prostate,prostatectomy,breast,colorectal,colon-rectal,cancer,operable,False
procedure_has_excised_anatomy,mandible,mandibulectomy,spleen,splenectomy,mln,thymus,spleens,thoracic-duct,lymph-nodes,False
procedure_has_excised_anatomy,mandible,mandibulectomy,stomach,gastrectomy,large-bowel,duodenectomy,gastroenterostomy,gastrectomy,gastric,False
procedure_has_excised_anatomy,mandible,mandibulectomy,thymus,thymectomy,spleen,thymocytes,mln,cd4+cd8+,peripheral,False
procedure_has_excised_anatomy,mandible,mandibulectomy,thyroid,thyroidectomy,thyroidectomy,hemithyroidectomy,men-iib,thyroid,parathyroid,True
procedure_has_excised_anatomy,mandible,mandibulectomy,tongue,glossectomy,glossectomy,laryngectomy,larynx,hypopharynx,maxillectomy,True
procedure_has_excised_anatomy,mandible,mandibulectomy,uterus,hysterectomy,uterine,endometriosis,hysterectomy,salpingectomy,endometriomas,False
procedure_has_excised_anatomy,mandible,mandibulectomy,vas-deferens,vasectomy,enterectomy,vasovasostomy,ureterectomy,vasal,penectomy,False
procedure_has_excised_anatomy,mandible,mandibulectomy,mastoid,mastoidectomy,mastoidectomy,maxillectomy,ethmoidectomy,sphenoidotomy,bronchotomy,True
procedure_has_excised_anatomy,mandible,mandibulectomy,tonsil,tonsillectomy,tonsils,tonsillar,biopsies,lymph-nodes,resections,False
procedure_has_excised_anatomy,maxilla,maxillectomy,ovaries,oophorectomy,orchiectomy,orchidectomy,testes,oviducts,orchiopexy,False
procedure_has_excised_anatomy,maxilla,maxillectomy,pancreas,pancreatectomy,pancreatectomy,duodenopancreatectomy,pancreatoduodenectomy,pancreatic,hepatectomy,True
procedure_has_excised_anatomy,maxilla,maxillectomy,penis,penectomy,penectomy,colpectomy,parotidectomy,perineal,cystourethrectomy,True
procedure_has_excised_anatomy,maxilla,maxillectomy,pericardium,pericardiectomy,thoracotomy,pericardectomy,pericardiectomy,laparotomy,pneumonectomy,False
procedure_has_excised_anatomy,maxilla,maxillectomy,pharynx,pharyngectomy,laryngectomy,oropharynx,hypopharynx,laryngopharynx,pharyngeal,False
procedure_has_excised_anatomy,maxilla,maxillectomy,hypophysis,hypophysectomy,thyroidectomy,hypophysectomy,orchidectomy,adrenalectomy,hemithyroidectomy,False
procedure_has_excised_anatomy,maxilla,maxillectomy,prostate,prostatectomy,breast,colorectal,cystectomy,operable,colon-rectal,False
procedure_has_excised_anatomy,maxilla,maxillectomy,spleen,splenectomy,thymus,mln,spleens,spleen,splenectomy,False
procedure_has_excised_anatomy,maxilla,maxillectomy,stomach,gastrectomy,gastrectomy,colectomy,ileal,large-bowel,duodenectomy,True
procedure_has_excised_anatomy,maxilla,maxillectomy,thymus,thymectomy,spleen,thyroidectomy,thymectomy,thymocytes,hepatectomy,False
procedure_has_excised_anatomy,maxilla,maxillectomy,thyroid,thyroidectomy,thyroidectomy,hemithyroidectomy,orchiectomy,thyroid,orchidectomy,True
procedure_has_excised_anatomy,maxilla,maxillectomy,tongue,glossectomy,laryngectomy,glossectomy,larynx,pharyngectomy,parotidectomy,False
procedure_has_excised_anatomy,maxilla,maxillectomy,uterus,hysterectomy,hysterectomy,salpingectomy,orchiectomy,orchiopexy,orchidectomy,True
procedure_has_excised_anatomy,maxilla,maxillectomy,vas-deferens,vasectomy,penectomy,vasovasostomy,enterectomy,nephrectomy,ureterectomy,False
procedure_has_excised_anatomy,maxilla,maxillectomy,mastoid,mastoidectomy,mastoidectomy,ethmoidectomy,turbinectomy,laryngectomy,sphenoidotomy,True
procedure_has_excised_anatomy,maxilla,maxillectomy,tonsil,tonsillectomy,tonsillar,tonsils,laryngectomy,glossectomy,esophagogastrectomy,False
procedure_has_excised_anatomy,ovaries,oophorectomy,pancreas,pancreatectomy,pancreatectomy,pancreatoduodenectomy,gastrectomy,resections,pancreaticoduodenectomy,True
procedure_has_excised_anatomy,ovaries,oophorectomy,penis,penectomy,abdominoplasty,fleur-de-lis,perineoplasty,vulvectomy,perineal,False
procedure_has_excised_anatomy,ovaries,oophorectomy,pericardium,pericardiectomy,thoracotomy,ventriculotomy,sternotomy,aneurysmectomy,aneurysmectomy,False
procedure_has_excised_anatomy,ovaries,oophorectomy,pharynx,pharyngectomy,oropharynx,hypopharynx,laryngopharynx,postcricoid,pharyngeal,False
procedure_has_excised_anatomy,ovaries,oophorectomy,hypophysis,hypophysectomy,adrenalectomy,thyroidectomy,strumectomy,cingulotomy,orchidectomy,False
procedure_has_excised_anatomy,ovaries,oophorectomy,prostate,prostatectomy,breast,colorectal,mastectomy,colo-rectal,cancer,False
procedure_has_excised_anatomy,ovaries,oophorectomy,spleen,splenectomy,splenectomy,omentectomy,salpingo-oophorectomy,lymphadenectomy,mln,True
procedure_has_excised_anatomy,ovaries,oophorectomy,stomach,gastrectomy,gastric,colo-rectal,gastroenterostomy,colectomy,gastrectomy,False
procedure_has_excised_anatomy,ovaries,oophorectomy,thymus,thymectomy,salpingo-oophorectomy,splenectomy,omentectomy,mastectomy,mastectomies,False
procedure_has_excised_anatomy,ovaries,oophorectomy,thyroid,thyroidectomy,hemithyroidectomy,thyroidectomy,mastectomy,mastectomies,strumectomy,False
procedure_has_excised_anatomy,ovaries,oophorectomy,tongue,glossectomy,lip,perioral,lips,chin,forehead,False
procedure_has_excised_anatomy,ovaries,oophorectomy,uterus,hysterectomy,salpingectomy,salpingo-oophorectomy,hysterectomy,myomectomy,omentectomy,False
procedure_has_excised_anatomy,ovaries,oophorectomy,vas-deferens,vasectomy,salpingectomy,adrenalectomy,salpingo-oophorectomy,minilaparotomy,colectomy,False
procedure_has_excised_anatomy,ovaries,oophorectomy,mastoid,mastoidectomy,ethmoidectomy,mastoidectomy,tympanoplasty,atticotomy,ethmoidectomies,False
procedure_has_excised_anatomy,ovaries,oophorectomy,tonsil,tonsillectomy,tonsillar,salpingo-oophorectomy,mastectomy,mastectomies,omentectomy,False
procedure_has_excised_anatomy,pancreas,pancreatectomy,penis,penectomy,anoplasty,scrotectomy,colpectomy,meatoplasty,penectomy,False
procedure_has_excised_anatomy,pancreas,pancreatectomy,pericardium,pericardiectomy,pericardiectomy,pericardectomy,aortoplasty,thoracotomy,plasty,True
procedure_has_excised_anatomy,pancreas,pancreatectomy,pharynx,pharyngectomy,pharyngectomy,meatoplasty,laryngectomy,maxillectomy,glossectomy,True
procedure_has_excised_anatomy,pancreas,pancreatectomy,hypophysis,hypophysectomy,adrenalectomy,thyroidectomy,subtotal,gastrectomy,hemithyroidectomy,False
procedure_has_excised_anatomy,pancreas,pancreatectomy,prostate,prostatectomy,gastrectomy,mastectomies,cystectomy,mastectomy,breast,False
procedure_has_excised_anatomy,pancreas,pancreatectomy,spleen,splenectomy,splenectomy,splenectomies,mln,gastrectomy,omentectomy,True
procedure_has_excised_anatomy,pancreas,pancreatectomy,stomach,gastrectomy,gastrectomy,colectomy,gastro-enterostomy,gastrojejunostomy,gastroduodenostomy,True
procedure_has_excised_anatomy,pancreas,pancreatectomy,thymus,thymectomy,gastrectomy,thymectomy,splenectomy,splenectomies,thyroidectomy,False
procedure_has_excised_anatomy,pancreas,pancreatectomy,thyroid,thyroidectomy,hemithyroidectomy,thyroidectomy,thyroidectomies,parathyroidectomy,adrenalectomy,False
procedure_has_excised_anatomy,pancreas,pancreatectomy,tongue,glossectomy,glossectomy,maxillectomy,hemilaryngectomy,laryngectomy,mandibulectomy,True
procedure_has_excised_anatomy,pancreas,pancreatectomy,uterus,hysterectomy,salpingectomy,salpingostomy,myomectomy,hysterectomy,myomectomies,False
procedure_has_excised_anatomy,pancreas,pancreatectomy,vas-deferens,vasectomy,ureterectomy,salpingostomy,vasovasostomy,enterectomy,pyeloplasty,False
procedure_has_excised_anatomy,pancreas,pancreatectomy,mastoid,mastoidectomy,mastoidectomy,maxillectomy,ethmoidectomy,mastoidectomy,tympanoplasty,True
procedure_has_excised_anatomy,pancreas,pancreatectomy,tonsil,tonsillectomy,gastrectomy,maxillectomy,sigmoidectomy,colectomies,glossectomy,False
procedure_has_excised_anatomy,penis,penectomy,pericardium,pericardiectomy,pleurectomy,pericardiectomy,pericardectomy,thoracotomy,decortication,False
procedure_has_excised_anatomy,penis,penectomy,pharynx,pharyngectomy,pharyngectomy,laryngectomy,glossectomy,laryngectomies,esophagogastrectomy,True
procedure_has_excised_anatomy,penis,penectomy,hypophysis,hypophysectomy,thyroidectomy,hemithyroidectomy,adrenalectomy,subtotal,hypophysectomy,False
procedure_has_excised_anatomy,penis,penectomy,prostate,prostatectomy,colorectal,breast,nsclc,lumpectomy,crc,False
procedure_has_excised_anatomy,penis,penectomy,spleen,splenectomy,mln,spleens,ln,hepatectomy,omentectomy,False
procedure_has_excised_anatomy,penis,penectomy,stomach,gastrectomy,gastrectomy,colectomy,duodenectomy,resections,pancreatectomy,True
procedure_has_excised_anatomy,penis,penectomy,thymus,thymectomy,spleen,thymocytes,hepatectomy,thyroidectomy,mln,False
procedure_has_excised_anatomy,penis,penectomy,thyroid,thyroidectomy,thyroidectomy,hemithyroidectomy,thyroidectomies,parathyroidectomy,rai,True
procedure_has_excised_anatomy,penis,penectomy,tongue,glossectomy,glossectomy,laryngectomy,pharyngectomy,laryngectomies,maxillectomy,True
procedure_has_excised_anatomy,penis,penectomy,uterus,hysterectomy,omentectomy,salpingectomy,hysterectomy,nephrectomies,nephrectomy,False
procedure_has_excised_anatomy,penis,penectomy,vas-deferens,vasectomy,nephrectomy,jejunectomy,nephrectomies,cecectomy,hepatectomy,False
procedure_has_excised_anatomy,penis,penectomy,mastoid,mastoidectomy,mastoidectomy,pleurectomy,maxillectomy,decortication,turbinectomy,True
procedure_has_excised_anatomy,penis,penectomy,tonsil,tonsillectomy,tonsils,omentectomy,rplnd,glossectomy,resections,False
procedure_has_excised_anatomy,pericardium,pericardiectomy,pharynx,pharyngectomy,oropharynx,pharyngeal,hypopharynx,oropharyngeal,larynx,False
procedure_has_excised_anatomy,pericardium,pericardiectomy,hypophysis,hypophysectomy,hypophysectomy,thyroidectomy,adenohypophysis,hypophyseal,apoplexy,True
procedure_has_excised_anatomy,pericardium,pericardiectomy,prostate,prostatectomy,breast,colorectal,aipc,hrpc,breast-cancer,False
procedure_has_excised_anatomy,pericardium,pericardiectomy,spleen,splenectomy,spleens,mln,spleen,splenectomy,splenic,False
procedure_has_excised_anatomy,pericardium,pericardiectomy,stomach,gastrectomy,gastric,gastrectomy,ileectomy,gastroenterostomy,pancreatoduodenectomy,False
procedure_has_excised_anatomy,pericardium,pericardiectomy,thymus,thymectomy,thymectomy,thymocytes,thymocyte,rtes,thyroidectomy,True
procedure_has_excised_anatomy,pericardium,pericardiectomy,thyroid,thyroidectomy,hemithyroidectomy,thyroidectomy,thyroid,hyperthyroidism,thyrotoxicosis,False
procedure_has_excised_anatomy,pericardium,pericardiectomy,tongue,glossectomy,glossectomy,larynx,lips,laryngectomy,trismus,True
procedure_has_excised_anatomy,pericardium,pericardiectomy,uterus,hysterectomy,salpingectomy,hysterectomy,orchidectomy,myomectomy,orchiectomy,False
procedure_has_excised_anatomy,pericardium,pericardiectomy,vas-deferens,vasectomy,pericardectomy,vasovasostomy,2-aminomethyl-4-t-butyl-6-iodophenol,ileectomy,pertussis-toxin,False
procedure_has_excised_anatomy,pericardium,pericardiectomy,mastoid,mastoidectomy,ethmoidectomy,decortication,pneumonectomy,mastoidectomy,pericardectomy,False
procedure_has_excised_anatomy,pericardium,pericardiectomy,tonsil,tonsillectomy,tonsillar,tonsils,tonsillectomy,hemithyroidectomy,adenoidectomy,False
procedure_has_excised_anatomy,pharynx,pharyngectomy,hypophysis,hypophysectomy,thyroidectomy,penectomy,hemithyroidectomy,subtotal,hypophysectomy,False
procedure_has_excised_anatomy,pharynx,pharyngectomy,prostate,prostatectomy,breast,cystectomy,penectomy,mastectomies,mastectomy,False
procedure_has_excised_anatomy,pharynx,pharyngectomy,spleen,splenectomy,penectomy,nephrectomies,splenectomy,rplnd,hepatectomy,False
procedure_has_excised_anatomy,pharynx,pharyngectomy,stomach,gastrectomy,gastrectomy,subtotal,duodenectomy,oesophagogastrectomy,ureterectomy,True
procedure_has_excised_anatomy,pharynx,pharyngectomy,thymus,thymectomy,penectomy,thyroidectomy,thymectomy,hepatectomy,hemithyroidectomy,False
procedure_has_excised_anatomy,pharynx,pharyngectomy,thyroid,thyroidectomy,thyroidectomy,hemithyroidectomy,penectomy,tshoma,parathyroidectomy,True
procedure_has_excised_anatomy,pharynx,pharyngectomy,tongue,glossectomy,glossectomy,hemilaryngectomy,laryngectomy,laryngectomies,glossectomies,True
procedure_has_excised_anatomy,pharynx,pharyngectomy,uterus,hysterectomy,salpingectomy,penectomy,hysterectomy,myomectomies,myomectomy,False
procedure_has_excised_anatomy,pharynx,pharyngectomy,vas-deferens,vasectomy,penectomy,patellectomy,calcanectomy,ureterectomy,nephrectomy,False
procedure_has_excised_anatomy,pharynx,pharyngectomy,mastoid,mastoidectomy,glossectomies,maxillectomy,ossiculoplasty,claviculectomy,hemilaryngectomy,False
procedure_has_excised_anatomy,pharynx,pharyngectomy,tonsil,tonsillectomy,glossectomy,penectomy,laryngectomies,calcanectomy,laryngectomy,False
procedure_has_excised_anatomy,hypophysis,hypophysectomy,prostate,prostatectomy,breast,colorectal,prostate-cancer,androgen-independent,breast-cancer,False
procedure_has_excised_anatomy,hypophysis,hypophysectomy,spleen,splenectomy,mln,spleens,spleen,thymus,ovariectomy,False
procedure_has_excised_anatomy,hypophysis,hypophysectomy,stomach,gastrectomy,gastric,large-bowel,gastroenterostomy,jejunal,pylorus,False
procedure_has_excised_anatomy,hypophysis,hypophysectomy,thymus,thymectomy,spleen,ovariectomy,thymectomy,castration,thymocytes,False
procedure_has_excised_anatomy,hypophysis,hypophysectomy,thyroid,thyroidectomy,orchidectomy,castration,thyroid,parathyroidectomy,thyroidectomy,False
procedure_has_excised_anatomy,hypophysis,hypophysectomy,tongue,glossectomy,lips,chin,lip,epiglottis,hypopharynx,False
procedure_has_excised_anatomy,hypophysis,hypophysectomy,uterus,hysterectomy,ovariectomy,hysterotomy,uterine,castration,orchidectomy,False
procedure_has_excised_anatomy,hypophysis,hypophysectomy,vas-deferens,vasectomy,ovariectomy,cholesterol-depletion,z-lly-fmk,cbx,field-stimulated,False
procedure_has_excised_anatomy,hypophysis,hypophysectomy,mastoid,mastoidectomy,tympanoplasty,mastoidectomy,otoplasty,atticotomy,tarsorrhaphy,False
procedure_has_excised_anatomy,hypophysis,hypophysectomy,tonsil,tonsillectomy,tonsils,tonsillar,third-eyelid,tonsil,biopsies,False
procedure_has_excised_anatomy,prostate,prostatectomy,spleen,splenectomy,spleens,live-donor,mln,thoracic-duct,nephrectomies,False
procedure_has_excised_anatomy,prostate,prostatectomy,stomach,gastrectomy,gastroenterostomy,gastro-enterostomy,gastrojejunostomy,diverticulectomy,billroth-i,False
procedure_has_excised_anatomy,prostate,prostatectomy,thymus,thymectomy,spleen,thymectomy,vulvectomy,nerve-sparing,spleens,False
procedure_has_excised_anatomy,prostate,prostatectomy,thyroid,thyroidectomy,nerve-sparing,prostatectomies,vulvectomy,thyroidectomy,hemithyroidectomy,False
procedure_has_excised_anatomy,prostate,prostatectomy,tongue,glossectomy,lips,eyebrow,epiglottis,forehead,pharyngoplasty,False
procedure_has_excised_anatomy,prostate,prostatectomy,uterus,hysterectomy,hysterectomy,trachelectomy,retropubic,myomectomy,colpotomy,True
procedure_has_excised_anatomy,prostate,prostatectomy,vas-deferens,vasectomy,retropubic,nerve-sparing,reimplantation,nephrectomy,urethropexy,False
procedure_has_excised_anatomy,prostate,prostatectomy,mastoid,mastoidectomy,mastoidectomy,ethmoidectomy,tympanoplasty,transpalatal,sphenoidotomy,True
procedure_has_excised_anatomy,prostate,prostatectomy,tonsil,tonsillectomy,vulvectomy,tonsils,prostatectomies,marsupialization,retropubic,False
procedure_has_excised_anatomy,spleen,splenectomy,stomach,gastrectomy,gastrectomy,gastroenterostomy,gastro-enterostomy,gastrojejunostomy,colectomy,True
procedure_has_excised_anatomy,spleen,splenectomy,thymus,thymectomy,pancreatectomy,gastrectomy,adrenalectomy,thymectomy,thyroidectomy,False
procedure_has_excised_anatomy,spleen,splenectomy,thyroid,thyroidectomy,thyroidectomy,hemithyroidectomy,adrenalectomy,strumectomy,orchiectomy,True
procedure_has_excised_anatomy,spleen,splenectomy,tongue,glossectomy,glossectomy,laryngectomy,maxillectomy,hemilaryngectomy,pharyngoplasty,True
procedure_has_excised_anatomy,spleen,splenectomy,uterus,hysterectomy,salpingectomy,myomectomy,salpingostomy,hysterectomy,metroplasty,False
procedure_has_excised_anatomy,spleen,splenectomy,vas-deferens,vasectomy,vasovasostomy,pyeloplasty,myomectomy,salpingectomy,adrenalectomy,False
procedure_has_excised_anatomy,spleen,splenectomy,mastoid,mastoidectomy,ethmoidectomy,mastoidectomy,mastoidectomy,maxillectomy,otoplasty,False
procedure_has_excised_anatomy,spleen,splenectomy,tonsil,tonsillectomy,esophagogastrectomy,sigmoidectomy,gastrectomy,colectomy,hemicolectomy,False
procedure_has_excised_anatomy,stomach,gastrectomy,thymus,thymectomy,thymectomy,thyroidectomy,parathyroidectomy,rplnd,splenectomy,True
procedure_has_excised_anatomy,stomach,gastrectomy,thyroid,thyroidectomy,thyroidectomy,hemithyroidectomy,parathyroidectomy,thyroidectomies,adrenalectomy,True
procedure_has_excised_anatomy,stomach,gastrectomy,tongue,glossectomy,glossectomy,maxillectomy,laryngectomy,hemilaryngectomy,mandibulectomy,True
procedure_has_excised_anatomy,stomach,gastrectomy,uterus,hysterectomy,hysterectomy,salpingectomy,myomectomy,oophorectomy,orchiopexy,True
procedure_has_excised_anatomy,stomach,gastrectomy,vas-deferens,vasectomy,nephrectomy,rarc,adrenalectomy,varicocelectomy,pyeloplasty,False
procedure_has_excised_anatomy,stomach,gastrectomy,mastoid,mastoidectomy,maxillectomy,ossiculoplasty,mastoidectomy,tympanoplasty,decortication,False
procedure_has_excised_anatomy,stomach,gastrectomy,tonsil,tonsillectomy,rplnd,maxillectomy,glossectomy,thyroidectomy,vulvectomy,False
procedure_has_excised_anatomy,thymus,thymectomy,thyroid,thyroidectomy,thyroidectomy,hemithyroidectomy,strumectomy,acromegaly,thyrotoxicosis,True
procedure_has_excised_anatomy,thymus,thymectomy,tongue,glossectomy,hemilaryngectomy,cheiloplasty,pharyngoplasty,pharyngoplasty,epiglottis,False
procedure_has_excised_anatomy,thymus,thymectomy,uterus,hysterectomy,salpingectomy,myomectomy,metroplasty,hysterotomy,hysterectomy,False
procedure_has_excised_anatomy,thymus,thymectomy,vas-deferens,vasectomy,vasovasostomy,thymectomy,colposuspension,pericardectomy,pyloroplasty,False
procedure_has_excised_anatomy,thymus,thymectomy,mastoid,mastoidectomy,decortication,craniotomy,ethmoidectomy,otoplasty,mastoidectomy,False
procedure_has_excised_anatomy,thymus,thymectomy,tonsil,tonsillectomy,tonsillectomy,esophagogastrectomy,videothoracoscopy,esophagectomy,septoplasty,True
procedure_has_excised_anatomy,thyroid,thyroidectomy,tongue,glossectomy,glossectomy,maxillectomy,laryngectomy,pharyngectomy,parotidectomy,True
procedure_has_excised_anatomy,thyroid,thyroidectomy,uterus,hysterectomy,salpingectomy,hysterectomy,hysterotomy,myomectomy,orchiopexy,False
procedure_has_excised_anatomy,thyroid,thyroidectomy,vas-deferens,vasectomy,enterectomy,vasovasostomy,colectomy,cecectomy,ileo-rectal,False
procedure_has_excised_anatomy,thyroid,thyroidectomy,mastoid,mastoidectomy,ethmoidectomy,maxillectomy,mastoidectomy,craniotomy,sphenoidotomy,False
procedure_has_excised_anatomy,thyroid,thyroidectomy,tonsil,tonsillectomy,tonsils,maxillectomy,glossectomy,esophagogastrectomy,parotidectomy,False
procedure_has_excised_anatomy,tongue,glossectomy,uterus,hysterectomy,salpingectomy,salpingostomy,hysterectomy,myomectomy,penectomy,False
procedure_has_excised_anatomy,tongue,glossectomy,vas-deferens,vasectomy,vasovasostomy,penectomy,ureterectomy,nephrectomy,pericardectomy,False
procedure_has_excised_anatomy,tongue,glossectomy,mastoid,mastoidectomy,maxillectomy,stapedectomy,decortication,thoracoplasty,ossiculoplasty,False
procedure_has_excised_anatomy,tongue,glossectomy,tonsil,tonsillectomy,penectomy,maxillectomy,pharyngectomy,laryngectomies,laryngectomy,False
procedure_has_excised_anatomy,uterus,hysterectomy,vas-deferens,vasectomy,rarc,nerve-sparing,sacrocolpopexy,trachelectomy,aneurysmectomy,False
procedure_has_excised_anatomy,uterus,hysterectomy,mastoid,mastoidectomy,mastoidectomy,tympanoplasty,maxillectomy,ethmoidectomy,septoplasty,True
procedure_has_excised_anatomy,uterus,hysterectomy,tonsil,tonsillectomy,vulvectomy,mastectomies,mastectomy,maxillectomy,tonsillectomy,False
procedure_has_excised_anatomy,vas-deferens,vasectomy,mastoid,mastoidectomy,tympanoplasty,mastoidectomy,otoplasty,ethmoidectomy,stapedectomy,False
procedure_has_excised_anatomy,vas-deferens,vasectomy,tonsil,tonsillectomy,tonsillar,tonsils,gynecological,mastectomies,mastectomy,False
procedure_has_excised_anatomy,mastoid,mastoidectomy,tonsil,tonsillectomy,tonsils,tonsillar,vulvectomy,prostatectomies,biopsies,False
