cui1,cui2,word1,word2,rela
C0001428,C0001425,adenoids,adenoidectomy,procedure_has_excised_anatomy
C0001428,C0001425,adenoids,adenoidectomies,procedure_has_excised_anatomy
C0001428,C0001425,adenoid,adenoidectomy,procedure_has_excised_anatomy
C0001428,C0001425,adenoid,adenoidectomies,procedure_has_excised_anatomy
C0001428,C0193959,adenoids,tonsillectomy-adenoidectomy,procedure_has_excised_anatomy
C0001428,C0193959,adenoids,adenotonsillectomy,procedure_has_excised_anatomy
C0001428,C0193959,adenoids,a-t,procedure_has_excised_anatomy
C0001428,C0193959,adenoids,t-a,procedure_has_excised_anatomy
C0001428,C0193959,adenoid,tonsillectomy-adenoidectomy,procedure_has_excised_anatomy
C0001428,C0193959,adenoid,adenotonsillectomy,procedure_has_excised_anatomy
C0001428,C0193959,adenoid,a-t,procedure_has_excised_anatomy
C0001428,C0193959,adenoid,t-a,procedure_has_excised_anatomy
C0001625,C0001632,adrenal-gland,adrenalectomy,procedure_has_excised_anatomy
C0001625,C0001632,adrenal-gland,adrenalectomies,procedure_has_excised_anatomy
C0001625,C0001632,adrenals,adrenalectomy,procedure_has_excised_anatomy
C0001625,C0001632,adrenals,adrenalectomies,procedure_has_excised_anatomy
C0001625,C0001632,adrenal,adrenalectomy,procedure_has_excised_anatomy
C0001625,C0001632,adrenal,adrenalectomies,procedure_has_excised_anatomy
C0003461,C0400076,anus,proctocolectomy,procedure_has_excised_anatomy
C0003461,C0400076,anus,panproctocolectomy,procedure_has_excised_anatomy
C0003461,C0400076,anal,proctocolectomy,procedure_has_excised_anatomy
C0003461,C0400076,anal,panproctocolectomy,procedure_has_excised_anatomy
C0003461,C0400076,ano,proctocolectomy,procedure_has_excised_anatomy
C0003461,C0400076,ano,panproctocolectomy,procedure_has_excised_anatomy
C0003461,C0842176,anus,panproctocolectomy,procedure_has_excised_anatomy
C0003461,C0842176,anal,panproctocolectomy,procedure_has_excised_anatomy
C0003461,C0842176,ano,panproctocolectomy,procedure_has_excised_anatomy
C0003617,C0003611,appendix,appendectomy,procedure_has_excised_anatomy
C0003617,C0003611,appendix,appendectomies,procedure_has_excised_anatomy
C0003617,C0003611,appendix,appendicectomy,procedure_has_excised_anatomy
C0003617,C0003611,appendix,appendicectomies,procedure_has_excised_anatomy
C0005682,C0010651,urinary-bladder,cystectomy,procedure_has_excised_anatomy
C0005682,C0010651,urinary-bladder,cystectomies,procedure_has_excised_anatomy
C0005682,C0010651,bladder,cystectomy,procedure_has_excised_anatomy
C0005682,C0010651,bladder,cystectomies,procedure_has_excised_anatomy
C0005682,C0010651,bladders,cystectomy,procedure_has_excised_anatomy
C0005682,C0010651,bladders,cystectomies,procedure_has_excised_anatomy
C0005682,C0194412,urinary-bladder,cystoprostatectomy,procedure_has_excised_anatomy
C0005682,C0194412,bladder,cystoprostatectomy,procedure_has_excised_anatomy
C0005682,C0194412,bladders,cystoprostatectomy,procedure_has_excised_anatomy
C0006141,C0024881,breast,mastectomy,procedure_has_excised_anatomy
C0006141,C0024881,breast,mastectomies,procedure_has_excised_anatomy
C0006141,C0024881,breast,mammectomy,procedure_has_excised_anatomy
C0006141,C0024881,breasts,mastectomy,procedure_has_excised_anatomy
C0006141,C0024881,breasts,mastectomies,procedure_has_excised_anatomy
C0006141,C0024881,breasts,mammectomy,procedure_has_excised_anatomy
C0006141,C0024881,mamma,mastectomy,procedure_has_excised_anatomy
C0006141,C0024881,mamma,mastectomies,procedure_has_excised_anatomy
C0006141,C0024881,mamma,mammectomy,procedure_has_excised_anatomy
C0006141,C0024881,mammary,mastectomy,procedure_has_excised_anatomy
C0006141,C0024881,mammary,mastectomies,procedure_has_excised_anatomy
C0006141,C0024881,mammary,mammectomy,procedure_has_excised_anatomy
C0006141,C0024885,breast,segmentectomy,procedure_has_excised_anatomy
C0006141,C0024885,breast,segmentectomies,procedure_has_excised_anatomy
C0006141,C0024885,breasts,segmentectomy,procedure_has_excised_anatomy
C0006141,C0024885,breasts,segmentectomies,procedure_has_excised_anatomy
C0006141,C0024885,mamma,segmentectomy,procedure_has_excised_anatomy
C0006141,C0024885,mamma,segmentectomies,procedure_has_excised_anatomy
C0006141,C0024885,mammary,segmentectomy,procedure_has_excised_anatomy
C0006141,C0024885,mammary,segmentectomies,procedure_has_excised_anatomy
C0006141,C0024886,breast,mastectomy,procedure_has_excised_anatomy
C0006141,C0024886,breasts,mastectomy,procedure_has_excised_anatomy
C0006141,C0024886,mamma,mastectomy,procedure_has_excised_anatomy
C0006141,C0024886,mammary,mastectomy,procedure_has_excised_anatomy
C0006141,C1705768,breast,cpm,procedure_has_excised_anatomy
C0006141,C1705768,breasts,cpm,procedure_has_excised_anatomy
C0006141,C1705768,mamma,cpm,procedure_has_excised_anatomy
C0006141,C1705768,mammary,cpm,procedure_has_excised_anatomy
C0006141,C1706504,breast,bpm,procedure_has_excised_anatomy
C0006141,C1706504,breasts,bpm,procedure_has_excised_anatomy
C0006141,C1706504,mamma,bpm,procedure_has_excised_anatomy
C0006141,C1706504,mammary,bpm,procedure_has_excised_anatomy
C0006141,C3826848,breast,tssm,procedure_has_excised_anatomy
C0006141,C3826848,breasts,tssm,procedure_has_excised_anatomy
C0006141,C3826848,mamma,tssm,procedure_has_excised_anatomy
C0006141,C3826848,mammary,tssm,procedure_has_excised_anatomy
C0009368,C0009274,colon,colectomy,procedure_has_excised_anatomy
C0009368,C0009274,colon,colectomies,procedure_has_excised_anatomy
C0009368,C0009274,colons,colectomy,procedure_has_excised_anatomy
C0009368,C0009274,colons,colectomies,procedure_has_excised_anatomy
C0009368,C0009274,colonic,colectomy,procedure_has_excised_anatomy
C0009368,C0009274,colonic,colectomies,procedure_has_excised_anatomy
C0009368,C0149750,colon,open-colectomy,procedure_has_excised_anatomy
C0009368,C0149750,colons,open-colectomy,procedure_has_excised_anatomy
C0009368,C0149750,colonic,open-colectomy,procedure_has_excised_anatomy
C0009368,C0192861,colon,right-hemicolectomy,procedure_has_excised_anatomy
C0009368,C0192861,colons,right-hemicolectomy,procedure_has_excised_anatomy
C0009368,C0192861,colonic,right-hemicolectomy,procedure_has_excised_anatomy
C0009368,C0192866,colon,sigmoidectomy,procedure_has_excised_anatomy
C0009368,C0192866,colon,sigmoidectomies,procedure_has_excised_anatomy
C0009368,C0192866,colons,sigmoidectomy,procedure_has_excised_anatomy
C0009368,C0192866,colons,sigmoidectomies,procedure_has_excised_anatomy
C0009368,C0192866,colonic,sigmoidectomy,procedure_has_excised_anatomy
C0009368,C0192866,colonic,sigmoidectomies,procedure_has_excised_anatomy
C0009368,C0192881,colon,ileocolectomy,procedure_has_excised_anatomy
C0009368,C0192881,colons,ileocolectomy,procedure_has_excised_anatomy
C0009368,C0192881,colonic,ileocolectomy,procedure_has_excised_anatomy
C0009368,C0400076,colon,proctocolectomy,procedure_has_excised_anatomy
C0009368,C0400076,colon,panproctocolectomy,procedure_has_excised_anatomy
C0009368,C0400076,colons,proctocolectomy,procedure_has_excised_anatomy
C0009368,C0400076,colons,panproctocolectomy,procedure_has_excised_anatomy
C0009368,C0400076,colonic,proctocolectomy,procedure_has_excised_anatomy
C0009368,C0400076,colonic,panproctocolectomy,procedure_has_excised_anatomy
C0009368,C0546535,colon,hemicolectomy,procedure_has_excised_anatomy
C0009368,C0546535,colons,hemicolectomy,procedure_has_excised_anatomy
C0009368,C0546535,colonic,hemicolectomy,procedure_has_excised_anatomy
C0009368,C0842176,colon,panproctocolectomy,procedure_has_excised_anatomy
C0009368,C0842176,colons,panproctocolectomy,procedure_has_excised_anatomy
C0009368,C0842176,colonic,panproctocolectomy,procedure_has_excised_anatomy
C0013303,C1536338,duodenum,duodenectomy,procedure_has_excised_anatomy
C0013303,C1536338,duodenums,duodenectomy,procedure_has_excised_anatomy
C0013303,C1536338,duodenal,duodenectomy,procedure_has_excised_anatomy
C0013303,C1536338,duodeno,duodenectomy,procedure_has_excised_anatomy
C0014533,C0194890,epididymis,epididymectomy,procedure_has_excised_anatomy
C0014533,C0194890,epididymides,epididymectomy,procedure_has_excised_anatomy
C0014533,C0194890,epididymal,epididymectomy,procedure_has_excised_anatomy
C0014533,C0194890,epididymi,epididymectomy,procedure_has_excised_anatomy
C0014876,C0085198,esophagus,esophagectomy,procedure_has_excised_anatomy
C0014876,C0085198,esophagus,esophagectomies,procedure_has_excised_anatomy
C0014876,C0085198,esophagus,oesophagectomy,procedure_has_excised_anatomy
C0014876,C0085198,oesophagus,esophagectomy,procedure_has_excised_anatomy
C0014876,C0085198,oesophagus,esophagectomies,procedure_has_excised_anatomy
C0014876,C0085198,oesophagus,oesophagectomy,procedure_has_excised_anatomy
C0014876,C0085198,gullet,esophagectomy,procedure_has_excised_anatomy
C0014876,C0085198,gullet,esophagectomies,procedure_has_excised_anatomy
C0014876,C0085198,gullet,oesophagectomy,procedure_has_excised_anatomy
C0014876,C0192296,esophagus,esophagogastrectomy,procedure_has_excised_anatomy
C0014876,C0192296,esophagus,oesophagogastrectomy,procedure_has_excised_anatomy
C0014876,C0192296,oesophagus,esophagogastrectomy,procedure_has_excised_anatomy
C0014876,C0192296,oesophagus,oesophagogastrectomy,procedure_has_excised_anatomy
C0014876,C0192296,gullet,esophagogastrectomy,procedure_has_excised_anatomy
C0014876,C0192296,gullet,oesophagogastrectomy,procedure_has_excised_anatomy
C0015560,C0036132,fallopian-tube,salpingo-oophorectomy,procedure_has_excised_anatomy
C0015560,C0036132,oviduct,salpingo-oophorectomy,procedure_has_excised_anatomy
C0015560,C0036132,salpinx,salpingo-oophorectomy,procedure_has_excised_anatomy
C0015560,C0041271,fallopian-tube,salpingectomy,procedure_has_excised_anatomy
C0015560,C0041271,fallopian-tube,tubectomy,procedure_has_excised_anatomy
C0015560,C0041271,oviduct,salpingectomy,procedure_has_excised_anatomy
C0015560,C0041271,oviduct,tubectomy,procedure_has_excised_anatomy
C0015560,C0041271,salpinx,salpingectomy,procedure_has_excised_anatomy
C0015560,C0041271,salpinx,tubectomy,procedure_has_excised_anatomy
C0016976,C0008320,gallbladder,cholecystectomy,procedure_has_excised_anatomy
C0016976,C0008320,gallbladder,cholecystectomies,procedure_has_excised_anatomy
C0016976,C0008320,gallbladders,cholecystectomy,procedure_has_excised_anatomy
C0016976,C0008320,gallbladders,cholecystectomies,procedure_has_excised_anatomy
C0016976,C0008320,gall-bladder,cholecystectomy,procedure_has_excised_anatomy
C0016976,C0008320,gall-bladder,cholecystectomies,procedure_has_excised_anatomy
C0018067,C0007344,gonads,castration,procedure_has_excised_anatomy
C0018067,C0007344,gonad,castration,procedure_has_excised_anatomy
C0018067,C0007344,gonadal,castration,procedure_has_excised_anatomy
C0018067,C0029189,gonads,orchiectomy,procedure_has_excised_anatomy
C0018067,C0029189,gonads,castration,procedure_has_excised_anatomy
C0018067,C0029189,gonads,orchidectomy,procedure_has_excised_anatomy
C0018067,C0029189,gonad,orchiectomy,procedure_has_excised_anatomy
C0018067,C0029189,gonad,castration,procedure_has_excised_anatomy
C0018067,C0029189,gonad,orchidectomy,procedure_has_excised_anatomy
C0018067,C0029189,gonadal,orchiectomy,procedure_has_excised_anatomy
C0018067,C0029189,gonadal,castration,procedure_has_excised_anatomy
C0018067,C0029189,gonadal,orchidectomy,procedure_has_excised_anatomy
C0018067,C0029936,gonads,ovariectomy,procedure_has_excised_anatomy
C0018067,C0029936,gonads,ovariectomies,procedure_has_excised_anatomy
C0018067,C0029936,gonads,oophorectomy,procedure_has_excised_anatomy
C0018067,C0029936,gonads,oophorectomies,procedure_has_excised_anatomy
C0018067,C0029936,gonad,ovariectomy,procedure_has_excised_anatomy
C0018067,C0029936,gonad,ovariectomies,procedure_has_excised_anatomy
C0018067,C0029936,gonad,oophorectomy,procedure_has_excised_anatomy
C0018067,C0029936,gonad,oophorectomies,procedure_has_excised_anatomy
C0018067,C0029936,gonadal,ovariectomy,procedure_has_excised_anatomy
C0018067,C0029936,gonadal,ovariectomies,procedure_has_excised_anatomy
C0018067,C0029936,gonadal,oophorectomy,procedure_has_excised_anatomy
C0018067,C0029936,gonadal,oophorectomies,procedure_has_excised_anatomy
C0020885,C0192881,ileum,ileocolectomy,procedure_has_excised_anatomy
C0020885,C0192881,ileal,ileocolectomy,procedure_has_excised_anatomy
C0020885,C0192881,ileo,ileocolectomy,procedure_has_excised_anatomy
C0020885,C0399935,ileum,ileectomy,procedure_has_excised_anatomy
C0020885,C0399935,ileum,ileal-resection,procedure_has_excised_anatomy
C0020885,C0399935,ileal,ileectomy,procedure_has_excised_anatomy
C0020885,C0399935,ileal,ileal-resection,procedure_has_excised_anatomy
C0020885,C0399935,ileo,ileectomy,procedure_has_excised_anatomy
C0020885,C0399935,ileo,ileal-resection,procedure_has_excised_anatomy
C0021815,C0206078,intervertebral-disc,diskectomy,procedure_has_excised_anatomy
C0021815,C0206078,intervertebral-disc,discectomy,procedure_has_excised_anatomy
C0021815,C0206078,intervertebral-disc,discectomies,procedure_has_excised_anatomy
C0021815,C0206078,intervertebral-disc,diskectomies,procedure_has_excised_anatomy
C0021815,C0206078,intervertebral-disk,diskectomy,procedure_has_excised_anatomy
C0021815,C0206078,intervertebral-disk,discectomy,procedure_has_excised_anatomy
C0021815,C0206078,intervertebral-disk,discectomies,procedure_has_excised_anatomy
C0021815,C0206078,intervertebral-disk,diskectomies,procedure_has_excised_anatomy
C0021852,C0192616,small-intestine,enterectomy,procedure_has_excised_anatomy
C0021852,C0192616,small-bowel,enterectomy,procedure_has_excised_anatomy
C0021852,C0192616,small-intestinal,enterectomy,procedure_has_excised_anatomy
C0021852,C0399935,small-intestine,ileectomy,procedure_has_excised_anatomy
C0021852,C0399935,small-intestine,ileal-resection,procedure_has_excised_anatomy
C0021852,C0399935,small-bowel,ileectomy,procedure_has_excised_anatomy
C0021852,C0399935,small-bowel,ileal-resection,procedure_has_excised_anatomy
C0021852,C0399935,small-intestinal,ileectomy,procedure_has_excised_anatomy
C0021852,C0399935,small-intestinal,ileal-resection,procedure_has_excised_anatomy
C0021852,C1536338,small-intestine,duodenectomy,procedure_has_excised_anatomy
C0021852,C1536338,small-bowel,duodenectomy,procedure_has_excised_anatomy
C0021852,C1536338,small-intestinal,duodenectomy,procedure_has_excised_anatomy
C0021853,C0007530,intestines,cecostomy,procedure_has_excised_anatomy
C0021853,C0007530,intestines,caecostomy,procedure_has_excised_anatomy
C0021853,C0007530,intestine,cecostomy,procedure_has_excised_anatomy
C0021853,C0007530,intestine,caecostomy,procedure_has_excised_anatomy
C0021853,C0007530,bowel,cecostomy,procedure_has_excised_anatomy
C0021853,C0007530,bowel,caecostomy,procedure_has_excised_anatomy
C0021853,C0007530,bowels,cecostomy,procedure_has_excised_anatomy
C0021853,C0007530,bowels,caecostomy,procedure_has_excised_anatomy
C0021853,C0007530,intestinal-tract,cecostomy,procedure_has_excised_anatomy
C0021853,C0007530,intestinal-tract,caecostomy,procedure_has_excised_anatomy
C0021853,C0007530,intestinal,cecostomy,procedure_has_excised_anatomy
C0021853,C0007530,intestinal,caecostomy,procedure_has_excised_anatomy
C0021853,C0009274,intestines,colectomy,procedure_has_excised_anatomy
C0021853,C0009274,intestines,colectomies,procedure_has_excised_anatomy
C0021853,C0009274,intestine,colectomy,procedure_has_excised_anatomy
C0021853,C0009274,intestine,colectomies,procedure_has_excised_anatomy
C0021853,C0009274,bowel,colectomy,procedure_has_excised_anatomy
C0021853,C0009274,bowel,colectomies,procedure_has_excised_anatomy
C0021853,C0009274,bowels,colectomy,procedure_has_excised_anatomy
C0021853,C0009274,bowels,colectomies,procedure_has_excised_anatomy
C0021853,C0009274,intestinal-tract,colectomy,procedure_has_excised_anatomy
C0021853,C0009274,intestinal-tract,colectomies,procedure_has_excised_anatomy
C0021853,C0009274,intestinal,colectomy,procedure_has_excised_anatomy
C0021853,C0009274,intestinal,colectomies,procedure_has_excised_anatomy
C0021853,C0009410,intestines,colostomy,procedure_has_excised_anatomy
C0021853,C0009410,intestines,colostomies,procedure_has_excised_anatomy
C0021853,C0009410,intestine,colostomy,procedure_has_excised_anatomy
C0021853,C0009410,intestine,colostomies,procedure_has_excised_anatomy
C0021853,C0009410,bowel,colostomy,procedure_has_excised_anatomy
C0021853,C0009410,bowel,colostomies,procedure_has_excised_anatomy
C0021853,C0009410,bowels,colostomy,procedure_has_excised_anatomy
C0021853,C0009410,bowels,colostomies,procedure_has_excised_anatomy
C0021853,C0009410,intestinal-tract,colostomy,procedure_has_excised_anatomy
C0021853,C0009410,intestinal-tract,colostomies,procedure_has_excised_anatomy
C0021853,C0009410,intestinal,colostomy,procedure_has_excised_anatomy
C0021853,C0009410,intestinal,colostomies,procedure_has_excised_anatomy
C0021853,C0149750,intestines,open-colectomy,procedure_has_excised_anatomy
C0021853,C0149750,intestine,open-colectomy,procedure_has_excised_anatomy
C0021853,C0149750,bowel,open-colectomy,procedure_has_excised_anatomy
C0021853,C0149750,bowels,open-colectomy,procedure_has_excised_anatomy
C0021853,C0149750,intestinal-tract,open-colectomy,procedure_has_excised_anatomy
C0021853,C0149750,intestinal,open-colectomy,procedure_has_excised_anatomy
C0021853,C0192616,intestines,enterectomy,procedure_has_excised_anatomy
C0021853,C0192616,intestine,enterectomy,procedure_has_excised_anatomy
C0021853,C0192616,bowel,enterectomy,procedure_has_excised_anatomy
C0021853,C0192616,bowels,enterectomy,procedure_has_excised_anatomy
C0021853,C0192616,intestinal-tract,enterectomy,procedure_has_excised_anatomy
C0021853,C0192616,intestinal,enterectomy,procedure_has_excised_anatomy
C0021853,C0192861,intestines,right-hemicolectomy,procedure_has_excised_anatomy
C0021853,C0192861,intestine,right-hemicolectomy,procedure_has_excised_anatomy
C0021853,C0192861,bowel,right-hemicolectomy,procedure_has_excised_anatomy
C0021853,C0192861,bowels,right-hemicolectomy,procedure_has_excised_anatomy
C0021853,C0192861,intestinal-tract,right-hemicolectomy,procedure_has_excised_anatomy
C0021853,C0192861,intestinal,right-hemicolectomy,procedure_has_excised_anatomy
C0021853,C0192866,intestines,sigmoidectomy,procedure_has_excised_anatomy
C0021853,C0192866,intestines,sigmoidectomies,procedure_has_excised_anatomy
C0021853,C0192866,intestine,sigmoidectomy,procedure_has_excised_anatomy
C0021853,C0192866,intestine,sigmoidectomies,procedure_has_excised_anatomy
C0021853,C0192866,bowel,sigmoidectomy,procedure_has_excised_anatomy
C0021853,C0192866,bowel,sigmoidectomies,procedure_has_excised_anatomy
C0021853,C0192866,bowels,sigmoidectomy,procedure_has_excised_anatomy
C0021853,C0192866,bowels,sigmoidectomies,procedure_has_excised_anatomy
C0021853,C0192866,intestinal-tract,sigmoidectomy,procedure_has_excised_anatomy
C0021853,C0192866,intestinal-tract,sigmoidectomies,procedure_has_excised_anatomy
C0021853,C0192866,intestinal,sigmoidectomy,procedure_has_excised_anatomy
C0021853,C0192866,intestinal,sigmoidectomies,procedure_has_excised_anatomy
C0021853,C0192881,intestines,ileocolectomy,procedure_has_excised_anatomy
C0021853,C0192881,intestine,ileocolectomy,procedure_has_excised_anatomy
C0021853,C0192881,bowel,ileocolectomy,procedure_has_excised_anatomy
C0021853,C0192881,bowels,ileocolectomy,procedure_has_excised_anatomy
C0021853,C0192881,intestinal-tract,ileocolectomy,procedure_has_excised_anatomy
C0021853,C0192881,intestinal,ileocolectomy,procedure_has_excised_anatomy
C0021853,C0193062,intestines,proctectomy,procedure_has_excised_anatomy
C0021853,C0193062,intestine,proctectomy,procedure_has_excised_anatomy
C0021853,C0193062,bowel,proctectomy,procedure_has_excised_anatomy
C0021853,C0193062,bowels,proctectomy,procedure_has_excised_anatomy
C0021853,C0193062,intestinal-tract,proctectomy,procedure_has_excised_anatomy
C0021853,C0193062,intestinal,proctectomy,procedure_has_excised_anatomy
C0021853,C0193063,intestines,rectosigmoidectomy,procedure_has_excised_anatomy
C0021853,C0193063,intestines,proctosigmoidectomy,procedure_has_excised_anatomy
C0021853,C0193063,intestine,rectosigmoidectomy,procedure_has_excised_anatomy
C0021853,C0193063,intestine,proctosigmoidectomy,procedure_has_excised_anatomy
C0021853,C0193063,bowel,rectosigmoidectomy,procedure_has_excised_anatomy
C0021853,C0193063,bowel,proctosigmoidectomy,procedure_has_excised_anatomy
C0021853,C0193063,bowels,rectosigmoidectomy,procedure_has_excised_anatomy
C0021853,C0193063,bowels,proctosigmoidectomy,procedure_has_excised_anatomy
C0021853,C0193063,intestinal-tract,rectosigmoidectomy,procedure_has_excised_anatomy
C0021853,C0193063,intestinal-tract,proctosigmoidectomy,procedure_has_excised_anatomy
C0021853,C0193063,intestinal,rectosigmoidectomy,procedure_has_excised_anatomy
C0021853,C0193063,intestinal,proctosigmoidectomy,procedure_has_excised_anatomy
C0021853,C0399935,intestines,ileectomy,procedure_has_excised_anatomy
C0021853,C0399935,intestines,ileal-resection,procedure_has_excised_anatomy
C0021853,C0399935,intestine,ileectomy,procedure_has_excised_anatomy
C0021853,C0399935,intestine,ileal-resection,procedure_has_excised_anatomy
C0021853,C0399935,bowel,ileectomy,procedure_has_excised_anatomy
C0021853,C0399935,bowel,ileal-resection,procedure_has_excised_anatomy
C0021853,C0399935,bowels,ileectomy,procedure_has_excised_anatomy
C0021853,C0399935,bowels,ileal-resection,procedure_has_excised_anatomy
C0021853,C0399935,intestinal-tract,ileectomy,procedure_has_excised_anatomy
C0021853,C0399935,intestinal-tract,ileal-resection,procedure_has_excised_anatomy
C0021853,C0399935,intestinal,ileectomy,procedure_has_excised_anatomy
C0021853,C0399935,intestinal,ileal-resection,procedure_has_excised_anatomy
C0021853,C0400076,intestines,proctocolectomy,procedure_has_excised_anatomy
C0021853,C0400076,intestines,panproctocolectomy,procedure_has_excised_anatomy
C0021853,C0400076,intestine,proctocolectomy,procedure_has_excised_anatomy
C0021853,C0400076,intestine,panproctocolectomy,procedure_has_excised_anatomy
C0021853,C0400076,bowel,proctocolectomy,procedure_has_excised_anatomy
C0021853,C0400076,bowel,panproctocolectomy,procedure_has_excised_anatomy
C0021853,C0400076,bowels,proctocolectomy,procedure_has_excised_anatomy
C0021853,C0400076,bowels,panproctocolectomy,procedure_has_excised_anatomy
C0021853,C0400076,intestinal-tract,proctocolectomy,procedure_has_excised_anatomy
C0021853,C0400076,intestinal-tract,panproctocolectomy,procedure_has_excised_anatomy
C0021853,C0400076,intestinal,proctocolectomy,procedure_has_excised_anatomy
C0021853,C0400076,intestinal,panproctocolectomy,procedure_has_excised_anatomy
C0021853,C0546535,intestines,hemicolectomy,procedure_has_excised_anatomy
C0021853,C0546535,intestine,hemicolectomy,procedure_has_excised_anatomy
C0021853,C0546535,bowel,hemicolectomy,procedure_has_excised_anatomy
C0021853,C0546535,bowels,hemicolectomy,procedure_has_excised_anatomy
C0021853,C0546535,intestinal-tract,hemicolectomy,procedure_has_excised_anatomy
C0021853,C0546535,intestinal,hemicolectomy,procedure_has_excised_anatomy
C0021853,C0842176,intestines,panproctocolectomy,procedure_has_excised_anatomy
C0021853,C0842176,intestine,panproctocolectomy,procedure_has_excised_anatomy
C0021853,C0842176,bowel,panproctocolectomy,procedure_has_excised_anatomy
C0021853,C0842176,bowels,panproctocolectomy,procedure_has_excised_anatomy
C0021853,C0842176,intestinal-tract,panproctocolectomy,procedure_has_excised_anatomy
C0021853,C0842176,intestinal,panproctocolectomy,procedure_has_excised_anatomy
C0021853,C1273428,intestines,tme,procedure_has_excised_anatomy
C0021853,C1273428,intestine,tme,procedure_has_excised_anatomy
C0021853,C1273428,bowel,tme,procedure_has_excised_anatomy
C0021853,C1273428,bowels,tme,procedure_has_excised_anatomy
C0021853,C1273428,intestinal-tract,tme,procedure_has_excised_anatomy
C0021853,C1273428,intestinal,tme,procedure_has_excised_anatomy
C0021853,C1536338,intestines,duodenectomy,procedure_has_excised_anatomy
C0021853,C1536338,intestine,duodenectomy,procedure_has_excised_anatomy
C0021853,C1536338,bowel,duodenectomy,procedure_has_excised_anatomy
C0021853,C1536338,bowels,duodenectomy,procedure_has_excised_anatomy
C0021853,C1536338,intestinal-tract,duodenectomy,procedure_has_excised_anatomy
C0021853,C1536338,intestinal,duodenectomy,procedure_has_excised_anatomy
C0021853,C3814448,intestines,lar,procedure_has_excised_anatomy
C0021853,C3814448,intestine,lar,procedure_has_excised_anatomy
C0021853,C3814448,bowel,lar,procedure_has_excised_anatomy
C0021853,C3814448,bowels,lar,procedure_has_excised_anatomy
C0021853,C3814448,intestinal-tract,lar,procedure_has_excised_anatomy
C0021853,C3814448,intestinal,lar,procedure_has_excised_anatomy
C0022646,C0027695,kidney,nephrectomy,procedure_has_excised_anatomy
C0022646,C0027695,kidney,nephrectomies,procedure_has_excised_anatomy
C0022646,C0027695,kidneys,nephrectomy,procedure_has_excised_anatomy
C0022646,C0027695,kidneys,nephrectomies,procedure_has_excised_anatomy
C0022646,C0027695,renal,nephrectomy,procedure_has_excised_anatomy
C0022646,C0027695,renal,nephrectomies,procedure_has_excised_anatomy
C0022646,C0027695,ren,nephrectomy,procedure_has_excised_anatomy
C0022646,C0027695,ren,nephrectomies,procedure_has_excised_anatomy
C0022646,C0027695,nephros,nephrectomy,procedure_has_excised_anatomy
C0022646,C0027695,nephros,nephrectomies,procedure_has_excised_anatomy
C0022646,C0027732,kidney,nephroureterectomy,procedure_has_excised_anatomy
C0022646,C0027732,kidney,ureteronephrectomy,procedure_has_excised_anatomy
C0022646,C0027732,kidneys,nephroureterectomy,procedure_has_excised_anatomy
C0022646,C0027732,kidneys,ureteronephrectomy,procedure_has_excised_anatomy
C0022646,C0027732,renal,nephroureterectomy,procedure_has_excised_anatomy
C0022646,C0027732,renal,ureteronephrectomy,procedure_has_excised_anatomy
C0022646,C0027732,ren,nephroureterectomy,procedure_has_excised_anatomy
C0022646,C0027732,ren,ureteronephrectomy,procedure_has_excised_anatomy
C0022646,C0027732,nephros,nephroureterectomy,procedure_has_excised_anatomy
C0022646,C0027732,nephros,ureteronephrectomy,procedure_has_excised_anatomy
C0022646,C0176996,kidney,nephrectomy,procedure_has_excised_anatomy
C0022646,C0176996,kidneys,nephrectomy,procedure_has_excised_anatomy
C0022646,C0176996,renal,nephrectomy,procedure_has_excised_anatomy
C0022646,C0176996,ren,nephrectomy,procedure_has_excised_anatomy
C0022646,C0176996,nephros,nephrectomy,procedure_has_excised_anatomy
C0023078,C0023065,larynx,laryngectomy,procedure_has_excised_anatomy
C0023078,C0023065,larynx,laryngectomies,procedure_has_excised_anatomy
C0023078,C0023065,laryngeal,laryngectomy,procedure_has_excised_anatomy
C0023078,C0023065,laryngeal,laryngectomies,procedure_has_excised_anatomy
C0023078,C0189233,larynx,hemilaryngectomy,procedure_has_excised_anatomy
C0023078,C0189233,laryngeal,hemilaryngectomy,procedure_has_excised_anatomy
C0023884,C0019144,liver,hepatectomy,procedure_has_excised_anatomy
C0023884,C0019144,liver,hepatectomies,procedure_has_excised_anatomy
C0023884,C0019144,liver,liver-resection,procedure_has_excised_anatomy
C0023884,C0019144,livers,hepatectomy,procedure_has_excised_anatomy
C0023884,C0019144,livers,hepatectomies,procedure_has_excised_anatomy
C0023884,C0019144,livers,liver-resection,procedure_has_excised_anatomy
C0023884,C0019144,hepar,hepatectomy,procedure_has_excised_anatomy
C0023884,C0019144,hepar,hepatectomies,procedure_has_excised_anatomy
C0023884,C0019144,hepar,liver-resection,procedure_has_excised_anatomy
C0023884,C2984586,liver,mesohepatectomy,procedure_has_excised_anatomy
C0023884,C2984586,livers,mesohepatectomy,procedure_has_excised_anatomy
C0023884,C2984586,hepar,mesohepatectomy,procedure_has_excised_anatomy
C0024109,C0024128,lung,lung-transplantation,procedure_has_excised_anatomy
C0024109,C0024128,lung,lung-transplant,procedure_has_excised_anatomy
C0024109,C0024128,lungs,lung-transplantation,procedure_has_excised_anatomy
C0024109,C0024128,lungs,lung-transplant,procedure_has_excised_anatomy
C0024109,C0024128,pulmonary,lung-transplantation,procedure_has_excised_anatomy
C0024109,C0024128,pulmonary,lung-transplant,procedure_has_excised_anatomy
C0024109,C0024128,pulmo,lung-transplantation,procedure_has_excised_anatomy
C0024109,C0024128,pulmo,lung-transplant,procedure_has_excised_anatomy
C0024109,C0032284,lung,pneumonectomy,procedure_has_excised_anatomy
C0024109,C0032284,lung,pneumonectomies,procedure_has_excised_anatomy
C0024109,C0032284,lungs,pneumonectomy,procedure_has_excised_anatomy
C0024109,C0032284,lungs,pneumonectomies,procedure_has_excised_anatomy
C0024109,C0032284,pulmonary,pneumonectomy,procedure_has_excised_anatomy
C0024109,C0032284,pulmonary,pneumonectomies,procedure_has_excised_anatomy
C0024109,C0032284,pulmo,pneumonectomy,procedure_has_excised_anatomy
C0024109,C0032284,pulmo,pneumonectomies,procedure_has_excised_anatomy
C0024109,C0371451,lung,bilobectomy,procedure_has_excised_anatomy
C0024109,C0371451,lungs,bilobectomy,procedure_has_excised_anatomy
C0024109,C0371451,pulmonary,bilobectomy,procedure_has_excised_anatomy
C0024109,C0371451,pulmo,bilobectomy,procedure_has_excised_anatomy
C0024109,C0396585,lung,sleeve-resection,procedure_has_excised_anatomy
C0024109,C0396585,lungs,sleeve-resection,procedure_has_excised_anatomy
C0024109,C0396585,pulmonary,sleeve-resection,procedure_has_excised_anatomy
C0024109,C0396585,pulmo,sleeve-resection,procedure_has_excised_anatomy
C0024204,C0024203,lymph-nodes,lymphadenectomy,procedure_has_excised_anatomy
C0024204,C0024203,lymph-nodes,lymphadenectomies,procedure_has_excised_anatomy
C0024204,C0024203,lymph-node,lymphadenectomy,procedure_has_excised_anatomy
C0024204,C0024203,lymph-node,lymphadenectomies,procedure_has_excised_anatomy
C0024204,C0024203,lymph-gland,lymphadenectomy,procedure_has_excised_anatomy
C0024204,C0024203,lymph-gland,lymphadenectomies,procedure_has_excised_anatomy
C0024204,C0193867,lymph-nodes,alnd,procedure_has_excised_anatomy
C0024204,C0193867,lymph-node,alnd,procedure_has_excised_anatomy
C0024204,C0193867,lymph-gland,alnd,procedure_has_excised_anatomy
C0024204,C0398395,lymph-nodes,neck-dissection,procedure_has_excised_anatomy
C0024204,C0398395,lymph-node,neck-dissection,procedure_has_excised_anatomy
C0024204,C0398395,lymph-gland,neck-dissection,procedure_has_excised_anatomy
C0024204,C0796693,lymph-nodes,snb,procedure_has_excised_anatomy
C0024204,C0796693,lymph-nodes,slnb,procedure_has_excised_anatomy
C0024204,C0796693,lymph-node,snb,procedure_has_excised_anatomy
C0024204,C0796693,lymph-node,slnb,procedure_has_excised_anatomy
C0024204,C0796693,lymph-gland,snb,procedure_has_excised_anatomy
C0024204,C0796693,lymph-gland,slnb,procedure_has_excised_anatomy
C0024204,C1112682,lymph-nodes,rplnd,procedure_has_excised_anatomy
C0024204,C1112682,lymph-node,rplnd,procedure_has_excised_anatomy
C0024204,C1112682,lymph-gland,rplnd,procedure_has_excised_anatomy
C0024687,C0185566,mandible,mandibulectomy,procedure_has_excised_anatomy
C0024687,C0185566,mandibles,mandibulectomy,procedure_has_excised_anatomy
C0024687,C0185566,mandibular,mandibulectomy,procedure_has_excised_anatomy
C0024687,C0185566,mandibula,mandibulectomy,procedure_has_excised_anatomy
C0024687,C0185567,mandible,hemimandibulectomy,procedure_has_excised_anatomy
C0024687,C0185567,mandibles,hemimandibulectomy,procedure_has_excised_anatomy
C0024687,C0185567,mandibular,hemimandibulectomy,procedure_has_excised_anatomy
C0024687,C0185567,mandibula,hemimandibulectomy,procedure_has_excised_anatomy
C0024947,C0407722,maxilla,maxillectomy,procedure_has_excised_anatomy
C0024947,C0407722,maxillae,maxillectomy,procedure_has_excised_anatomy
C0024947,C0407722,upper-jaw,maxillectomy,procedure_has_excised_anatomy
C0024947,C0407722,maxillary,maxillectomy,procedure_has_excised_anatomy
C0028977,C0198614,omentum,omentectomy,procedure_has_excised_anatomy
C0028977,C0198614,omental,omentectomy,procedure_has_excised_anatomy
C0029939,C0029936,ovary,ovariectomy,procedure_has_excised_anatomy
C0029939,C0029936,ovary,ovariectomies,procedure_has_excised_anatomy
C0029939,C0029936,ovary,oophorectomy,procedure_has_excised_anatomy
C0029939,C0029936,ovary,oophorectomies,procedure_has_excised_anatomy
C0029939,C0029936,ovaries,ovariectomy,procedure_has_excised_anatomy
C0029939,C0029936,ovaries,ovariectomies,procedure_has_excised_anatomy
C0029939,C0029936,ovaries,oophorectomy,procedure_has_excised_anatomy
C0029939,C0029936,ovaries,oophorectomies,procedure_has_excised_anatomy
C0029939,C0029936,ovarium,ovariectomy,procedure_has_excised_anatomy
C0029939,C0029936,ovarium,ovariectomies,procedure_has_excised_anatomy
C0029939,C0029936,ovarium,oophorectomy,procedure_has_excised_anatomy
C0029939,C0029936,ovarium,oophorectomies,procedure_has_excised_anatomy
C0029939,C0036132,ovary,salpingo-oophorectomy,procedure_has_excised_anatomy
C0029939,C0036132,ovaries,salpingo-oophorectomy,procedure_has_excised_anatomy
C0029939,C0036132,ovarium,salpingo-oophorectomy,procedure_has_excised_anatomy
C0030274,C0030279,pancreas,pancreatectomy,procedure_has_excised_anatomy
C0030274,C0030279,pancreas,pancreatectomies,procedure_has_excised_anatomy
C0030274,C0030279,pancreatic,pancreatectomy,procedure_has_excised_anatomy
C0030274,C0030279,pancreatic,pancreatectomies,procedure_has_excised_anatomy
C0030274,C0030279,pancreatico,pancreatectomy,procedure_has_excised_anatomy
C0030274,C0030279,pancreatico,pancreatectomies,procedure_has_excised_anatomy
C0030518,C0079989,parathyroid,parathyroidectomy,procedure_has_excised_anatomy
C0030518,C0079989,parathyroids,parathyroidectomy,procedure_has_excised_anatomy
C0030580,C0193317,parotid-gland,parotidectomy,procedure_has_excised_anatomy
C0030580,C0193317,parotid-gland,parotidectomies,procedure_has_excised_anatomy
C0030580,C0193317,parotid,parotidectomy,procedure_has_excised_anatomy
C0030580,C0193317,parotid,parotidectomies,procedure_has_excised_anatomy
C0030580,C0193317,parotids,parotidectomy,procedure_has_excised_anatomy
C0030580,C0193317,parotids,parotidectomies,procedure_has_excised_anatomy
C0030647,C0187898,patella,patellectomy,procedure_has_excised_anatomy
C0030647,C0187898,patella,patellectomies,procedure_has_excised_anatomy
C0030647,C0187898,patellas,patellectomy,procedure_has_excised_anatomy
C0030647,C0187898,patellas,patellectomies,procedure_has_excised_anatomy
C0030647,C0187898,patellar,patellectomy,procedure_has_excised_anatomy
C0030647,C0187898,patellar,patellectomies,procedure_has_excised_anatomy
C0030851,C0194708,penis,penectomy,procedure_has_excised_anatomy
C0030851,C0194708,penile,penectomy,procedure_has_excised_anatomy
C0031050,C0031042,pericardium,pericardiectomy,procedure_has_excised_anatomy
C0031050,C0031042,pericardium,pericardectomy,procedure_has_excised_anatomy
C0031354,C0031349,pharynx,pharyngectomy,procedure_has_excised_anatomy
C0031354,C0031349,throat,pharyngectomy,procedure_has_excised_anatomy
C0031354,C0031349,throats,pharyngectomy,procedure_has_excised_anatomy
C0031354,C0031349,pharyngeal,pharyngectomy,procedure_has_excised_anatomy
C0031354,C0192024,pharynx,uvulectomy,procedure_has_excised_anatomy
C0031354,C0192024,throat,uvulectomy,procedure_has_excised_anatomy
C0031354,C0192024,throats,uvulectomy,procedure_has_excised_anatomy
C0031354,C0192024,pharyngeal,uvulectomy,procedure_has_excised_anatomy
C0031354,C0192220,pharynx,pharyngectomy,procedure_has_excised_anatomy
C0031354,C0192220,throat,pharyngectomy,procedure_has_excised_anatomy
C0031354,C0192220,throats,pharyngectomy,procedure_has_excised_anatomy
C0031354,C0192220,pharyngeal,pharyngectomy,procedure_has_excised_anatomy
C0032005,C0020632,hypophysis,hypophysectomy,procedure_has_excised_anatomy
C0032005,C0020632,hypophyses,hypophysectomy,procedure_has_excised_anatomy
C0032005,C0020632,hypophyseal,hypophysectomy,procedure_has_excised_anatomy
C0032005,C0020632,pituitary,hypophysectomy,procedure_has_excised_anatomy
C0032225,C0152463,pleura,pleurectomy,procedure_has_excised_anatomy
C0033572,C0033573,prostate,prostatectomy,procedure_has_excised_anatomy
C0033572,C0033573,prostate,prostatectomies,procedure_has_excised_anatomy
C0033572,C0033573,prostates,prostatectomy,procedure_has_excised_anatomy
C0033572,C0033573,prostates,prostatectomies,procedure_has_excised_anatomy
C0033572,C0033573,prostatic,prostatectomy,procedure_has_excised_anatomy
C0033572,C0033573,prostatic,prostatectomies,procedure_has_excised_anatomy
C0033572,C0033573,prostata,prostatectomy,procedure_has_excised_anatomy
C0033572,C0033573,prostata,prostatectomies,procedure_has_excised_anatomy
C0033572,C0040771,prostate,turp,procedure_has_excised_anatomy
C0033572,C0040771,prostate,turps,procedure_has_excised_anatomy
C0033572,C0040771,prostates,turp,procedure_has_excised_anatomy
C0033572,C0040771,prostates,turps,procedure_has_excised_anatomy
C0033572,C0040771,prostatic,turp,procedure_has_excised_anatomy
C0033572,C0040771,prostatic,turps,procedure_has_excised_anatomy
C0033572,C0040771,prostata,turp,procedure_has_excised_anatomy
C0033572,C0040771,prostata,turps,procedure_has_excised_anatomy
C0033572,C0194412,prostate,cystoprostatectomy,procedure_has_excised_anatomy
C0033572,C0194412,prostates,cystoprostatectomy,procedure_has_excised_anatomy
C0033572,C0194412,prostatic,cystoprostatectomy,procedure_has_excised_anatomy
C0033572,C0194412,prostata,cystoprostatectomy,procedure_has_excised_anatomy
C0033572,C0194810,prostate,radical-prostatectomy,procedure_has_excised_anatomy
C0033572,C0194810,prostates,radical-prostatectomy,procedure_has_excised_anatomy
C0033572,C0194810,prostatic,radical-prostatectomy,procedure_has_excised_anatomy
C0033572,C0194810,prostata,radical-prostatectomy,procedure_has_excised_anatomy
C0033572,C0194825,prostate,rrp,procedure_has_excised_anatomy
C0033572,C0194825,prostates,rrp,procedure_has_excised_anatomy
C0033572,C0194825,prostatic,rrp,procedure_has_excised_anatomy
C0033572,C0194825,prostata,rrp,procedure_has_excised_anatomy
C0033572,C1136094,prostate,tuvp,procedure_has_excised_anatomy
C0033572,C1136094,prostates,tuvp,procedure_has_excised_anatomy
C0033572,C1136094,prostatic,tuvp,procedure_has_excised_anatomy
C0033572,C1136094,prostata,tuvp,procedure_has_excised_anatomy
C0033572,C1136095,prostate,tumt,procedure_has_excised_anatomy
C0033572,C1136095,prostates,tumt,procedure_has_excised_anatomy
C0033572,C1136095,prostatic,tumt,procedure_has_excised_anatomy
C0033572,C1136095,prostata,tumt,procedure_has_excised_anatomy
C0033572,C1138404,prostate,tuna,procedure_has_excised_anatomy
C0033572,C1138404,prostates,tuna,procedure_has_excised_anatomy
C0033572,C1138404,prostatic,tuna,procedure_has_excised_anatomy
C0033572,C1138404,prostata,tuna,procedure_has_excised_anatomy
C0034896,C0193062,rectum,proctectomy,procedure_has_excised_anatomy
C0034896,C0193062,rectums,proctectomy,procedure_has_excised_anatomy
C0034896,C0193062,hemorrhoidal,proctectomy,procedure_has_excised_anatomy
C0034896,C0193062,retto,proctectomy,procedure_has_excised_anatomy
C0034896,C0193063,rectum,rectosigmoidectomy,procedure_has_excised_anatomy
C0034896,C0193063,rectum,proctosigmoidectomy,procedure_has_excised_anatomy
C0034896,C0193063,rectums,rectosigmoidectomy,procedure_has_excised_anatomy
C0034896,C0193063,rectums,proctosigmoidectomy,procedure_has_excised_anatomy
C0034896,C0193063,hemorrhoidal,rectosigmoidectomy,procedure_has_excised_anatomy
C0034896,C0193063,hemorrhoidal,proctosigmoidectomy,procedure_has_excised_anatomy
C0034896,C0193063,retto,rectosigmoidectomy,procedure_has_excised_anatomy
C0034896,C0193063,retto,proctosigmoidectomy,procedure_has_excised_anatomy
C0034896,C3814448,rectum,lar,procedure_has_excised_anatomy
C0034896,C3814448,rectums,lar,procedure_has_excised_anatomy
C0034896,C3814448,hemorrhoidal,lar,procedure_has_excised_anatomy
C0034896,C3814448,retto,lar,procedure_has_excised_anatomy
C0037993,C0037995,spleen,splenectomy,procedure_has_excised_anatomy
C0037993,C0037995,spleen,splenectomies,procedure_has_excised_anatomy
C0037993,C0037995,spleens,splenectomy,procedure_has_excised_anatomy
C0037993,C0037995,spleens,splenectomies,procedure_has_excised_anatomy
C0037993,C0037995,splenic,splenectomy,procedure_has_excised_anatomy
C0037993,C0037995,splenic,splenectomies,procedure_has_excised_anatomy
C0037993,C0037995,spleno,splenectomy,procedure_has_excised_anatomy
C0037993,C0037995,spleno,splenectomies,procedure_has_excised_anatomy
C0037993,C0037995,lien,splenectomy,procedure_has_excised_anatomy
C0037993,C0037995,lien,splenectomies,procedure_has_excised_anatomy
C0038351,C0017118,stomach,gastrectomy,procedure_has_excised_anatomy
C0038351,C0017118,stomach,gastrectomies,procedure_has_excised_anatomy
C0038351,C0017118,stomachs,gastrectomy,procedure_has_excised_anatomy
C0038351,C0017118,stomachs,gastrectomies,procedure_has_excised_anatomy
C0038351,C0017118,ventriculus,gastrectomy,procedure_has_excised_anatomy
C0038351,C0017118,ventriculus,gastrectomies,procedure_has_excised_anatomy
C0038351,C0017118,gastric,gastrectomy,procedure_has_excised_anatomy
C0038351,C0017118,gastric,gastrectomies,procedure_has_excised_anatomy
C0038351,C0017118,gastro,gastrectomy,procedure_has_excised_anatomy
C0038351,C0017118,gastro,gastrectomies,procedure_has_excised_anatomy
C0038351,C0017118,gaster,gastrectomy,procedure_has_excised_anatomy
C0038351,C0017118,gaster,gastrectomies,procedure_has_excised_anatomy
C0038351,C0192296,stomach,esophagogastrectomy,procedure_has_excised_anatomy
C0038351,C0192296,stomach,oesophagogastrectomy,procedure_has_excised_anatomy
C0038351,C0192296,stomachs,esophagogastrectomy,procedure_has_excised_anatomy
C0038351,C0192296,stomachs,oesophagogastrectomy,procedure_has_excised_anatomy
C0038351,C0192296,ventriculus,esophagogastrectomy,procedure_has_excised_anatomy
C0038351,C0192296,ventriculus,oesophagogastrectomy,procedure_has_excised_anatomy
C0038351,C0192296,gastric,esophagogastrectomy,procedure_has_excised_anatomy
C0038351,C0192296,gastric,oesophagogastrectomy,procedure_has_excised_anatomy
C0038351,C0192296,gastro,esophagogastrectomy,procedure_has_excised_anatomy
C0038351,C0192296,gastro,oesophagogastrectomy,procedure_has_excised_anatomy
C0038351,C0192296,gaster,esophagogastrectomy,procedure_has_excised_anatomy
C0038351,C0192296,gaster,oesophagogastrectomy,procedure_has_excised_anatomy
C0038351,C0192440,stomach,billroth-i,procedure_has_excised_anatomy
C0038351,C0192440,stomachs,billroth-i,procedure_has_excised_anatomy
C0038351,C0192440,ventriculus,billroth-i,procedure_has_excised_anatomy
C0038351,C0192440,gastric,billroth-i,procedure_has_excised_anatomy
C0038351,C0192440,gastro,billroth-i,procedure_has_excised_anatomy
C0038351,C0192440,gaster,billroth-i,procedure_has_excised_anatomy
C0038351,C0192444,stomach,billroth-ii,procedure_has_excised_anatomy
C0038351,C0192444,stomachs,billroth-ii,procedure_has_excised_anatomy
C0038351,C0192444,ventriculus,billroth-ii,procedure_has_excised_anatomy
C0038351,C0192444,gastric,billroth-ii,procedure_has_excised_anatomy
C0038351,C0192444,gastro,billroth-ii,procedure_has_excised_anatomy
C0038351,C0192444,gaster,billroth-ii,procedure_has_excised_anatomy
C0038351,C0565315,stomach,antrectomy,procedure_has_excised_anatomy
C0038351,C0565315,stomachs,antrectomy,procedure_has_excised_anatomy
C0038351,C0565315,ventriculus,antrectomy,procedure_has_excised_anatomy
C0038351,C0565315,gastric,antrectomy,procedure_has_excised_anatomy
C0038351,C0565315,gastro,antrectomy,procedure_has_excised_anatomy
C0038351,C0565315,gaster,antrectomy,procedure_has_excised_anatomy
C0038351,C0565317,stomach,cardiectomy,procedure_has_excised_anatomy
C0038351,C0565317,stomachs,cardiectomy,procedure_has_excised_anatomy
C0038351,C0565317,ventriculus,cardiectomy,procedure_has_excised_anatomy
C0038351,C0565317,gastric,cardiectomy,procedure_has_excised_anatomy
C0038351,C0565317,gastro,cardiectomy,procedure_has_excised_anatomy
C0038351,C0565317,gaster,cardiectomy,procedure_has_excised_anatomy
C0039484,C0003571,temporal-bone,apicoectomy,procedure_has_excised_anatomy
C0039484,C0003571,temporal-bone,apicoectomies,procedure_has_excised_anatomy
C0039484,C0003571,temporal-bone,apicectomy,procedure_has_excised_anatomy
C0039484,C0003571,temporal-bone,apicectomies,procedure_has_excised_anatomy
C0039597,C0029189,testis,orchiectomy,procedure_has_excised_anatomy
C0039597,C0029189,testis,castration,procedure_has_excised_anatomy
C0039597,C0029189,testis,orchidectomy,procedure_has_excised_anatomy
C0039597,C0029189,testes,orchiectomy,procedure_has_excised_anatomy
C0039597,C0029189,testes,castration,procedure_has_excised_anatomy
C0039597,C0029189,testes,orchidectomy,procedure_has_excised_anatomy
C0039597,C0029189,testicles,orchiectomy,procedure_has_excised_anatomy
C0039597,C0029189,testicles,castration,procedure_has_excised_anatomy
C0039597,C0029189,testicles,orchidectomy,procedure_has_excised_anatomy
C0039597,C0029189,testicle,orchiectomy,procedure_has_excised_anatomy
C0039597,C0029189,testicle,castration,procedure_has_excised_anatomy
C0039597,C0029189,testicle,orchidectomy,procedure_has_excised_anatomy
C0039597,C0029189,orchis,orchiectomy,procedure_has_excised_anatomy
C0039597,C0029189,orchis,castration,procedure_has_excised_anatomy
C0039597,C0029189,orchis,orchidectomy,procedure_has_excised_anatomy
C0040113,C0040071,thymus,thymectomy,procedure_has_excised_anatomy
C0040113,C0040071,thymus,thymectomies,procedure_has_excised_anatomy
C0040132,C0040145,thyroid-gland,thyroidectomy,procedure_has_excised_anatomy
C0040132,C0040145,thyroid-gland,thyroidectomies,procedure_has_excised_anatomy
C0040132,C0040145,thyroid,thyroidectomy,procedure_has_excised_anatomy
C0040132,C0040145,thyroid,thyroidectomies,procedure_has_excised_anatomy
C0040132,C0040145,thyroids,thyroidectomy,procedure_has_excised_anatomy
C0040132,C0040145,thyroids,thyroidectomies,procedure_has_excised_anatomy
C0040132,C0193804,thyroid-gland,isthmectomy,procedure_has_excised_anatomy
C0040132,C0193804,thyroid,isthmectomy,procedure_has_excised_anatomy
C0040132,C0193804,thyroids,isthmectomy,procedure_has_excised_anatomy
C0040132,C0405532,thyroid-gland,hemithyroidectomy,procedure_has_excised_anatomy
C0040132,C0405532,thyroid,hemithyroidectomy,procedure_has_excised_anatomy
C0040132,C0405532,thyroids,hemithyroidectomy,procedure_has_excised_anatomy
C0040408,C0017673,tongue,glossectomy,procedure_has_excised_anatomy
C0040408,C0017673,tongue,glossectomies,procedure_has_excised_anatomy
C0040408,C0017673,tongues,glossectomy,procedure_has_excised_anatomy
C0040408,C0017673,tongues,glossectomies,procedure_has_excised_anatomy
C0040408,C0017673,lingual,glossectomy,procedure_has_excised_anatomy
C0040408,C0017673,lingual,glossectomies,procedure_has_excised_anatomy
C0040408,C0017673,lingua,glossectomy,procedure_has_excised_anatomy
C0040408,C0017673,lingua,glossectomies,procedure_has_excised_anatomy
C0041445,C0198161,tympanic-membrane,tympanomastoidectomy,procedure_has_excised_anatomy
C0041445,C0198161,eardrum,tympanomastoidectomy,procedure_has_excised_anatomy
C0041445,C0198161,eardrums,tympanomastoidectomy,procedure_has_excised_anatomy
C0041445,C0198161,tm,tympanomastoidectomy,procedure_has_excised_anatomy
C0041445,C0198161,ear-drum,tympanomastoidectomy,procedure_has_excised_anatomy
C0041951,C0027732,ureter,nephroureterectomy,procedure_has_excised_anatomy
C0041951,C0027732,ureter,ureteronephrectomy,procedure_has_excised_anatomy
C0041951,C0027732,ureters,nephroureterectomy,procedure_has_excised_anatomy
C0041951,C0027732,ureters,ureteronephrectomy,procedure_has_excised_anatomy
C0041951,C0027732,ureteric,nephroureterectomy,procedure_has_excised_anatomy
C0041951,C0027732,ureteric,ureteronephrectomy,procedure_has_excised_anatomy
C0041951,C0194224,ureter,ureterectomy,procedure_has_excised_anatomy
C0041951,C0194224,ureters,ureterectomy,procedure_has_excised_anatomy
C0041951,C0194224,ureteric,ureterectomy,procedure_has_excised_anatomy
C0042149,C0020699,uterus,hysterectomy,procedure_has_excised_anatomy
C0042149,C0020699,uterus,hysterectomies,procedure_has_excised_anatomy
C0042149,C0020699,uteri,hysterectomy,procedure_has_excised_anatomy
C0042149,C0020699,uteri,hysterectomies,procedure_has_excised_anatomy
C0042149,C0020699,uterine,hysterectomy,procedure_has_excised_anatomy
C0042149,C0020699,uterine,hysterectomies,procedure_has_excised_anatomy
C0042149,C0020699,utero,hysterectomy,procedure_has_excised_anatomy
C0042149,C0020699,utero,hysterectomies,procedure_has_excised_anatomy
C0042149,C0020699,womb,hysterectomy,procedure_has_excised_anatomy
C0042149,C0020699,womb,hysterectomies,procedure_has_excised_anatomy
C0042149,C0020699,wombs,hysterectomy,procedure_has_excised_anatomy
C0042149,C0020699,wombs,hysterectomies,procedure_has_excised_anatomy
C0042149,C0020700,uterus,colpohysterectomy,procedure_has_excised_anatomy
C0042149,C0020700,uteri,colpohysterectomy,procedure_has_excised_anatomy
C0042149,C0020700,uterine,colpohysterectomy,procedure_has_excised_anatomy
C0042149,C0020700,utero,colpohysterectomy,procedure_has_excised_anatomy
C0042149,C0020700,womb,colpohysterectomy,procedure_has_excised_anatomy
C0042149,C0020700,wombs,colpohysterectomy,procedure_has_excised_anatomy
C0042149,C0195309,uterus,myomectomy,procedure_has_excised_anatomy
C0042149,C0195309,uterus,myomectomies,procedure_has_excised_anatomy
C0042149,C0195309,uteri,myomectomy,procedure_has_excised_anatomy
C0042149,C0195309,uteri,myomectomies,procedure_has_excised_anatomy
C0042149,C0195309,uterine,myomectomy,procedure_has_excised_anatomy
C0042149,C0195309,uterine,myomectomies,procedure_has_excised_anatomy
C0042149,C0195309,utero,myomectomy,procedure_has_excised_anatomy
C0042149,C0195309,utero,myomectomies,procedure_has_excised_anatomy
C0042149,C0195309,womb,myomectomy,procedure_has_excised_anatomy
C0042149,C0195309,womb,myomectomies,procedure_has_excised_anatomy
C0042149,C0195309,wombs,myomectomy,procedure_has_excised_anatomy
C0042149,C0195309,wombs,myomectomies,procedure_has_excised_anatomy
C0042149,C0404079,uterus,tah,procedure_has_excised_anatomy
C0042149,C0404079,uteri,tah,procedure_has_excised_anatomy
C0042149,C0404079,uterine,tah,procedure_has_excised_anatomy
C0042149,C0404079,utero,tah,procedure_has_excised_anatomy
C0042149,C0404079,womb,tah,procedure_has_excised_anatomy
C0042149,C0404079,wombs,tah,procedure_has_excised_anatomy
C0042360,C0042387,vas-deferens,vasectomy,procedure_has_excised_anatomy
C0042360,C0042387,vas-deferens,vasectomies,procedure_has_excised_anatomy
C0162864,C0014098,tunica-intima,endarterectomy,procedure_has_excised_anatomy
C0162864,C0014098,tunica-intima,endarterectomies,procedure_has_excised_anatomy
C0162864,C0014098,intima,endarterectomy,procedure_has_excised_anatomy
C0162864,C0014098,intima,endarterectomies,procedure_has_excised_anatomy
C0162864,C0014098,intimas,endarterectomy,procedure_has_excised_anatomy
C0162864,C0014098,intimas,endarterectomies,procedure_has_excised_anatomy
C0178784,C0005558,organ,biopsy,procedure_has_excised_anatomy
C0178784,C0005558,organ,biopsies,procedure_has_excised_anatomy
C0178784,C0005558,organ,biopsied,procedure_has_excised_anatomy
C0178784,C0005558,organ,bx,procedure_has_excised_anatomy
C0178784,C0005558,organ,biopsie,procedure_has_excised_anatomy
C0178784,C0005558,organs,biopsy,procedure_has_excised_anatomy
C0178784,C0005558,organs,biopsies,procedure_has_excised_anatomy
C0178784,C0005558,organs,biopsied,procedure_has_excised_anatomy
C0178784,C0005558,organs,bx,procedure_has_excised_anatomy
C0178784,C0005558,organs,biopsie,procedure_has_excised_anatomy
C0178784,C0005933,organ,bone-biopsy,procedure_has_excised_anatomy
C0178784,C0005933,organs,bone-biopsy,procedure_has_excised_anatomy
C0178784,C0150866,organ,skin-biopsy,procedure_has_excised_anatomy
C0178784,C0150866,organs,skin-biopsy,procedure_has_excised_anatomy
C0178784,C0184921,organ,excision-biopsy,procedure_has_excised_anatomy
C0178784,C0184921,organs,excision-biopsy,procedure_has_excised_anatomy
C0178784,C0184922,organ,open-biopsy,procedure_has_excised_anatomy
C0178784,C0184922,organs,open-biopsy,procedure_has_excised_anatomy
C0178784,C0184923,organ,shave-biopsy,procedure_has_excised_anatomy
C0178784,C0184923,organs,shave-biopsy,procedure_has_excised_anatomy
C0178784,C0184980,organ,endoscopic-biopsy,procedure_has_excised_anatomy
C0178784,C0184980,organ,endoscopy-biopsy,procedure_has_excised_anatomy
C0178784,C0184980,organs,endoscopic-biopsy,procedure_has_excised_anatomy
C0178784,C0184980,organs,endoscopy-biopsy,procedure_has_excised_anatomy
C0178784,C0185283,organ,muscle-biopsy,procedure_has_excised_anatomy
C0178784,C0185283,organs,muscle-biopsy,procedure_has_excised_anatomy
C0178784,C0189485,organ,lung-biopsy,procedure_has_excised_anatomy
C0178784,C0189485,organs,lung-biopsy,procedure_has_excised_anatomy
C0178784,C0191321,organ,punch-biopsy,procedure_has_excised_anatomy
C0178784,C0191321,organs,punch-biopsy,procedure_has_excised_anatomy
C0178784,C0193050,organ,rectal-biopsy,procedure_has_excised_anatomy
C0178784,C0193050,organs,rectal-biopsy,procedure_has_excised_anatomy
C0178784,C0193388,organ,liver-biopsy,procedure_has_excised_anatomy
C0178784,C0193388,organs,liver-biopsy,procedure_has_excised_anatomy
C0178784,C0194073,organ,kidney-biopsy,procedure_has_excised_anatomy
C0178784,C0194073,organ,renal-biopsy,procedure_has_excised_anatomy
C0178784,C0194073,organs,kidney-biopsy,procedure_has_excised_anatomy
C0178784,C0194073,organs,renal-biopsy,procedure_has_excised_anatomy
C0178784,C0405352,organ,breast-biopsy,procedure_has_excised_anatomy
C0178784,C0405352,organs,breast-biopsy,procedure_has_excised_anatomy
C0178784,C0796693,organ,snb,procedure_has_excised_anatomy
C0178784,C0796693,organ,slnb,procedure_has_excised_anatomy
C0178784,C0796693,organs,snb,procedure_has_excised_anatomy
C0178784,C0796693,organs,slnb,procedure_has_excised_anatomy
C0178784,C0936232,organ,puncture-biopsy,procedure_has_excised_anatomy
C0178784,C0936232,organ,aspiration-biopsy,procedure_has_excised_anatomy
C0178784,C0936232,organ,needle-biopsy,procedure_has_excised_anatomy
C0178784,C0936232,organs,puncture-biopsy,procedure_has_excised_anatomy
C0178784,C0936232,organs,aspiration-biopsy,procedure_has_excised_anatomy
C0178784,C0936232,organs,needle-biopsy,procedure_has_excised_anatomy
C0178784,C1301055,organ,ttnb,procedure_has_excised_anatomy
C0178784,C1301055,organ,ttna,procedure_has_excised_anatomy
C0178784,C1301055,organs,ttnb,procedure_has_excised_anatomy
C0178784,C1301055,organs,ttna,procedure_has_excised_anatomy
C0178784,C1318309,organ,core-needle-biopsy,procedure_has_excised_anatomy
C0178784,C1318309,organ,core-biopsy,procedure_has_excised_anatomy
C0178784,C1318309,organs,core-needle-biopsy,procedure_has_excised_anatomy
C0178784,C1318309,organs,core-biopsy,procedure_has_excised_anatomy
C0178784,C1510483,organ,aspiration-biopsy,procedure_has_excised_anatomy
C0178784,C1510483,organ,fine-needle-aspiration,procedure_has_excised_anatomy
C0178784,C1510483,organ,fine-needle-biopsy,procedure_has_excised_anatomy
C0178784,C1510483,organ,fna,procedure_has_excised_anatomy
C0178784,C1510483,organ,fna-biopsy,procedure_has_excised_anatomy
C0178784,C1510483,organs,aspiration-biopsy,procedure_has_excised_anatomy
C0178784,C1510483,organs,fine-needle-aspiration,procedure_has_excised_anatomy
C0178784,C1510483,organs,fine-needle-biopsy,procedure_has_excised_anatomy
C0178784,C1510483,organs,fna,procedure_has_excised_anatomy
C0178784,C1510483,organs,fna-biopsy,procedure_has_excised_anatomy
C0178784,C1710607,organ,vacb,procedure_has_excised_anatomy
C0178784,C1710607,organs,vacb,procedure_has_excised_anatomy
C0178784,C1880510,organ,eus-fna,procedure_has_excised_anatomy
C0178784,C1880510,organs,eus-fna,procedure_has_excised_anatomy
C0178784,C1883418,organ,ebus-tbna,procedure_has_excised_anatomy
C0178784,C1883418,organs,ebus-tbna,procedure_has_excised_anatomy
C0178784,C3640066,organ,rpfna,procedure_has_excised_anatomy
C0178784,C3640066,organs,rpfna,procedure_has_excised_anatomy
C0227388,C0192866,left-colon,sigmoidectomy,procedure_has_excised_anatomy
C0227388,C0192866,left-colon,sigmoidectomies,procedure_has_excised_anatomy
C0227391,C0193063,colon-sigmoid,rectosigmoidectomy,procedure_has_excised_anatomy
C0227391,C0193063,colon-sigmoid,proctosigmoidectomy,procedure_has_excised_anatomy
C0227391,C0193063,sigmoid-colon,rectosigmoidectomy,procedure_has_excised_anatomy
C0227391,C0193063,sigmoid-colon,proctosigmoidectomy,procedure_has_excised_anatomy
C0227391,C0193063,sigmoid,rectosigmoidectomy,procedure_has_excised_anatomy
C0227391,C0193063,sigmoid,proctosigmoidectomy,procedure_has_excised_anatomy
C0227391,C0193063,sigma,rectosigmoidectomy,procedure_has_excised_anatomy
C0227391,C0193063,sigma,proctosigmoidectomy,procedure_has_excised_anatomy
C0262950,C0029468,bones,osteotomy,procedure_has_excised_anatomy
C0262950,C0029468,bones,osteotomies,procedure_has_excised_anatomy
C0262950,C0029468,bone,osteotomy,procedure_has_excised_anatomy
C0262950,C0029468,bone,osteotomies,procedure_has_excised_anatomy
C0262950,C0029468,ossa,osteotomy,procedure_has_excised_anatomy
C0262950,C0029468,ossa,osteotomies,procedure_has_excised_anatomy
C0262950,C0029468,os,osteotomy,procedure_has_excised_anatomy
C0262950,C0029468,os,osteotomies,procedure_has_excised_anatomy
C0262950,C0029468,bone-structure,osteotomy,procedure_has_excised_anatomy
C0262950,C0029468,bone-structure,osteotomies,procedure_has_excised_anatomy
C0262950,C0029468,osseous,osteotomy,procedure_has_excised_anatomy
C0262950,C0029468,osseous,osteotomies,procedure_has_excised_anatomy
C0446908,C0198154,mastoid,mastoidectomy,procedure_has_excised_anatomy
C0446908,C0198154,mastoids,mastoidectomy,procedure_has_excised_anatomy
C0446908,C0198161,mastoid,tympanomastoidectomy,procedure_has_excised_anatomy
C0446908,C0198161,mastoids,tympanomastoidectomy,procedure_has_excised_anatomy
C0549207,C0022983,vertebra,laminectomy,procedure_has_excised_anatomy
C0549207,C0022983,vertebra,laminectomies,procedure_has_excised_anatomy
C0549207,C0022983,vertebrae,laminectomy,procedure_has_excised_anatomy
C0549207,C0022983,vertebrae,laminectomies,procedure_has_excised_anatomy
C0549207,C0022983,vertebras,laminectomy,procedure_has_excised_anatomy
C0549207,C0022983,vertebras,laminectomies,procedure_has_excised_anatomy
C0549207,C0022983,vertebral,laminectomy,procedure_has_excised_anatomy
C0549207,C0022983,vertebral,laminectomies,procedure_has_excised_anatomy
C0549207,C0022983,vertebra(e),laminectomy,procedure_has_excised_anatomy
C0549207,C0022983,vertebra(e),laminectomies,procedure_has_excised_anatomy
C0729594,C0193867,axillary-lymph-node,alnd,procedure_has_excised_anatomy
C0729594,C0193867,axillary-node,alnd,procedure_has_excised_anatomy
C0729594,C0193867,aln,alnd,procedure_has_excised_anatomy
C0836921,C0040423,tonsil,tonsillectomy,procedure_has_excised_anatomy
C0836921,C0040423,tonsil,tonsillectomies,procedure_has_excised_anatomy
C0836921,C0040423,tonsils,tonsillectomy,procedure_has_excised_anatomy
C0836921,C0040423,tonsils,tonsillectomies,procedure_has_excised_anatomy
C0836921,C0193959,tonsil,tonsillectomy-adenoidectomy,procedure_has_excised_anatomy
C0836921,C0193959,tonsil,adenotonsillectomy,procedure_has_excised_anatomy
C0836921,C0193959,tonsil,a-t,procedure_has_excised_anatomy
C0836921,C0193959,tonsil,t-a,procedure_has_excised_anatomy
C0836921,C0193959,tonsils,tonsillectomy-adenoidectomy,procedure_has_excised_anatomy
C0836921,C0193959,tonsils,adenotonsillectomy,procedure_has_excised_anatomy
C0836921,C0193959,tonsils,a-t,procedure_has_excised_anatomy
C0836921,C0193959,tonsils,t-a,procedure_has_excised_anatomy
C0929301,C0024881,mammary-gland,mastectomy,procedure_has_excised_anatomy
C0929301,C0024881,mammary-gland,mastectomies,procedure_has_excised_anatomy
C0929301,C0024881,mammary-gland,mammectomy,procedure_has_excised_anatomy
C0929301,C0024881,mammary,mastectomy,procedure_has_excised_anatomy
C0929301,C0024881,mammary,mastectomies,procedure_has_excised_anatomy
C0929301,C0024881,mammary,mammectomy,procedure_has_excised_anatomy
C0929301,C0024885,mammary-gland,segmentectomy,procedure_has_excised_anatomy
C0929301,C0024885,mammary-gland,segmentectomies,procedure_has_excised_anatomy
C0929301,C0024885,mammary,segmentectomy,procedure_has_excised_anatomy
C0929301,C0024885,mammary,segmentectomies,procedure_has_excised_anatomy
C0929301,C0024886,mammary-gland,mastectomy,procedure_has_excised_anatomy
C0929301,C0024886,mammary,mastectomy,procedure_has_excised_anatomy
C0929301,C1705768,mammary-gland,cpm,procedure_has_excised_anatomy
C0929301,C1705768,mammary,cpm,procedure_has_excised_anatomy
C0929301,C1706504,mammary-gland,bpm,procedure_has_excised_anatomy
C0929301,C1706504,mammary,bpm,procedure_has_excised_anatomy
C0929301,C3826848,mammary-gland,tssm,procedure_has_excised_anatomy
C0929301,C3826848,mammary,tssm,procedure_has_excised_anatomy
C1305188,C0192861,right-colon,right-hemicolectomy,procedure_has_excised_anatomy
